statename,rank,countryid,val2015,val2016,val2017,val2018
Alabama,0,World,19322.19,20471.18,21786.3,21349.24
Alabama,0,Top 25,17096,17963.47,19291.76,18820.76
Alabama,1,Canada,4072.1,4135.57,4198.04,4065.84
Alabama,2,China,3108.15,3268.05,3572.6,3045.65
Alabama,3,Mexico,2887.04,2632.87,2928.45,2575.62
Alabama,4,Germany,2478.4,3204.63,2948.25,2549.89
Alabama,5,Japan,519.43,540.17,700.05,821.18
Alabama,6,India,202.45,276.36,452.49,692.36
Alabama,7,Brazil,333.63,242.64,444.28,668.25
Alabama,8,"Korea, South",464.81,508.25,470.98,520.72
Alabama,9,Belgium,197.35,261.19,579.69,503.58
Alabama,10,France,447.79,421.93,411.39,433.66
Alabama,11,Netherlands,211.65,173.9,212.33,354.79
Alabama,12,United Kingdom,609.42,561.82,255.58,288.35
Alabama,13,Dominican Republic,127.71,153.06,157.48,246.79
Alabama,14,Argentina,79.37,53.66,111.57,235.8
Alabama,15,Australia,266.87,297.85,279.65,232.46
Alabama,16,Italy,131.1,116.94,283.4,210.8
Alabama,17,Austria,50.07,57.35,125.6,206.05
Alabama,18,Colombia,187.19,174.13,217.72,188.53
Alabama,19,United Arab Emirates,283.43,467.91,354.75,185.64
Alabama,20,Switzerland,26.08,27.66,98.72,144.63
Alabama,21,Chile,95.17,89.85,96.05,138.83
Alabama,22,Latvia,0.72,1.51,25.43,132.74
Alabama,23,Hong Kong,136.05,125.37,122.23,129.72
Alabama,24,Singapore,142.78,139.43,151.42,125.79
Alabama,25,Jamaica,37.22,31.39,93.6,123.08
Alaska,0,World,4620.07,4350.28,4942.47,4773.11
Alaska,0,Top 25,4539.63,4271.15,4797.96,4705.73
Alaska,1,China,1203.2,1184.21,1322.28,1019.18
Alaska,2,"Korea, South",733.19,731.63,675.39,885.85
Alaska,3,Japan,964.12,815.62,812.38,792.38
Alaska,4,Canada,419.21,484.84,706.94,647.12
Alaska,5,Netherlands,119.05,134.56,180.91,263.08
Alaska,6,Germany,279.24,256.92,181.78,208.58
Alaska,7,Spain,150.36,151.74,161.34,167.39
Alaska,8,Australia,85.8,73.55,158.55,132.03
Alaska,9,France,46.31,54.9,70.72,82.76
Alaska,10,Italy,56.65,30.99,67.69,73.5
Alaska,11,Belgium,49.36,37.35,60.51,70.39
Alaska,12,Singapore,21.3,8.67,31.75,57.51
Alaska,13,Finland,56.8,44.59,57.33,53.58
Alaska,14,Thailand,48.79,26.71,60.41,45.24
Alaska,15,Mexico,7.7,36.44,21.24,32.85
Alaska,16,Taiwan,104.82,29.23,50.66,25.63
Alaska,17,Poland,0.22,2.45,2.55,21.31
Alaska,18,United Kingdom,40.68,25.65,26.6,21.21
Alaska,19,Malaysia,105.95,84.67,86.57,20.19
Alaska,20,Ukraine,4.13,11.17,19.31,19.03
Alaska,21,Israel,0.54,5.32,0.83,19.02
Alaska,22,Lithuania,14.15,13.66,17.86,18.87
Alaska,23,Portugal,13.75,5.02,8.31,10.28
Alaska,24,Vietnam,5.94,12.75,11.02,9.91
Alaska,25,Indonesia,8.38,8.51,5.04,8.83
Arizona,0,World,22654.21,22003.21,20916.89,22388.34
Arizona,0,Top 25,21050.43,20514.39,19371.78,20494.36
Arizona,1,Mexico,9162,8285.2,7576.16,7649.76
Arizona,2,Canada,2303.25,2138.14,2154.11,2148.06
Arizona,3,China,1263.4,1210.33,1190.04,1193.59
Arizona,4,United Kingdom,1066.39,857.75,977.27,928.49
Arizona,5,Japan,545.16,635.77,604.33,753.25
Arizona,6,Germany,829.95,726.49,692.18,746.58
Arizona,7,Netherlands,423.7,419.18,377.85,612.73
Arizona,8,Thailand,602.1,493.68,545.94,583.24
Arizona,9,France,464,471.28,470,566.7
Arizona,10,Singapore,406.19,525.66,512.47,551.88
Arizona,11,Hong Kong,420.42,386.91,425.49,520.4
Arizona,12,Taiwan,430.59,396.21,492.95,505.54
Arizona,13,Brazil,435.29,439.98,389.1,500.98
Arizona,14,Malaysia,388.86,407.46,335.37,444.46
Arizona,15,Saudi Arabia,248.24,250.11,271.55,386.22
Arizona,16,"Korea, South",364.4,1306.21,349.72,371.25
Arizona,17,Israel,252.75,220.68,280.09,351.97
Arizona,18,Australia,225.08,240.9,242.22,308.93
Arizona,19,United Arab Emirates,202.74,284,575.26,290.87
Arizona,20,Ireland,255.63,243.96,184.57,229.18
Arizona,21,Switzerland,234.05,221.38,247.93,210.05
Arizona,22,Italy,345.4,156.84,170.77,201.3
Arizona,23,Turkey,41,54.22,128.37,183.93
Arizona,24,India,102.72,114.4,157.46,131.36
Arizona,25,Colombia,37.13,27.65,20.58,123.64
Arkansas,0,World,5870.91,5721.72,6234.39,6466.44
Arkansas,0,Top 25,4886.01,4724.44,5284.13,5449.54
Arkansas,1,Canada,1205.91,1163.64,1256.43,1207.21
Arkansas,2,Mexico,843.82,684.82,850.55,869.54
Arkansas,3,Saudi Arabia,60.24,56.04,76.06,397.33
Arkansas,4,France,464.94,783.24,728.11,325.66
Arkansas,5,China,202.61,274.65,367.89,314.61
Arkansas,6,"Korea, South",154.21,145.93,142.46,230.16
Arkansas,7,United Kingdom,169.63,142.82,249.74,205.58
Arkansas,8,Belgium,133.57,125.98,90.88,195.7
Arkansas,9,Hong Kong,100.49,112.57,122.16,179.19
Arkansas,10,Japan,531.55,280.68,192.29,167.55
Arkansas,11,Switzerland,6.05,71.15,160.48,125.23
Arkansas,12,Germany,102.63,77.28,89.77,123.47
Arkansas,13,Haiti,44.5,50.79,118.05,123.27
Arkansas,14,Taiwan,77.93,70.16,68.46,116.44
Arkansas,15,Singapore,251.45,184.35,130.42,109.76
Arkansas,16,Australia,89.28,144.77,79.9,106.08
Arkansas,17,Netherlands,118.7,99.61,137.39,103.61
Arkansas,18,British Virgin Islands,0.05,47.73,35.56,85.73
Arkansas,19,Brazil,132.82,59.96,116.57,78.34
Arkansas,20,Colombia,71.44,62.59,63.26,70.05
Arkansas,21,Guatemala,67.65,71.65,73.54,70
Arkansas,22,Austria,13.97,11.25,13.47,63.47
Arkansas,23,Bermuda,42.4,2.5,120.25,61.48
Arkansas,24,Monaco,0,0,0,60.06
Arkansas,25,Cayman Islands,0.14,0.27,0.45,60.03
California,0,World,165360.38,163438.92,172012.42,178404.77
California,0,Top 25,146633.22,145010.96,153536.91,159465.24
California,1,Mexico,26787.59,25260.27,26771.8,30738.73
California,2,Canada,17262.18,16232.79,16842.02,17750.23
California,3,China,14384.35,14322.97,16433.1,16345.09
California,4,Japan,11743.01,11765.13,12830.45,13099.54
California,5,"Korea, South",8683.48,8210.24,9601.9,9942.21
California,6,Hong Kong,8761.23,9661.92,12108.99,9905.79
California,7,Taiwan,7727.41,6983.14,6313.26,6824.24
California,8,Germany,5344.33,5351.07,6003.28,6594.37
California,9,Netherlands,5634.23,5458.36,5785.3,6433.77
California,10,India,4568.4,5129.31,5014.21,6117.42
California,11,United Kingdom,5150.06,5424.12,5030.38,5240.55
California,12,Singapore,3925.92,3889.33,4261.24,4435.31
California,13,Australia,3436.01,3369.44,3527.57,3526.85
California,14,France,2683.96,2985.23,3706.95,3327.14
California,15,Belgium,2940.9,2955.77,3184.24,2814.65
California,16,Malaysia,1824.14,1830.66,2085.05,2179.28
California,17,Switzerland,2008.05,2031.31,1988.19,2077.65
California,18,Israel,1790.5,2034.3,1968.04,1739.57
California,19,Italy,2011.69,1993.89,1647.52,1643.16
California,20,Vietnam,1247.2,2570.97,1383.61,1608.43
California,21,Thailand,1692.69,1492.31,1421.01,1526.72
California,22,United Arab Emirates,2425.22,1522.06,1515.99,1478.74
California,23,Spain,1675.29,1517.27,1403.99,1408.8
California,24,Brazil,1547.63,1641.43,1425.58,1380.97
California,25,Philippines,1377.75,1377.66,1283.22,1326.02
Colorado,0,World,7949.65,7580.72,8054.12,8317.25
Colorado,0,Top 25,6967.4,6749.28,7231.69,7511.98
Colorado,1,Canada,1408.4,1356.73,1390.32,1434.85
Colorado,2,Mexico,1077.44,1069.51,1315.87,1252.82
Colorado,3,China,658.76,589.46,585.83,577.55
Colorado,4,"Korea, South",332.78,400.02,388.98,493.62
Colorado,5,Japan,466.53,444.11,445.03,452.87
Colorado,6,Malaysia,356.02,366.65,417.28,391.94
Colorado,7,Netherlands,290.08,228.37,275.77,304.8
Colorado,8,Germany,261.65,326.31,313.71,301.25
Colorado,9,Hong Kong,237.98,207.05,233.73,243.2
Colorado,10,Taiwan,205.85,205.39,208.33,222.74
Colorado,11,United Kingdom,261.42,219.85,220.18,220.53
Colorado,12,Philippines,162.26,142.56,212.45,194.46
Colorado,13,Switzerland,249.98,230.35,171.01,191.05
Colorado,14,France,133.29,139.4,127.56,182.06
Colorado,15,Belgium,161.82,125.76,142.92,153.02
Colorado,16,Australia,155.2,142.84,168.59,146.37
Colorado,17,Brazil,98.35,102.55,120.18,141.96
Colorado,18,Thailand,62.76,68.41,64.89,96.9
Colorado,19,Italy,83.21,70.35,84.53,95.46
Colorado,20,Singapore,71.02,80.12,88.04,88.62
Colorado,21,India,92.58,82.06,83.39,85.78
Colorado,22,Chile,58.37,44.17,33.04,69.1
Colorado,23,Indonesia,35.45,50.43,69.88,65.5
Colorado,24,New Zealand,19.24,27.2,24.71,53.76
Colorado,25,Vietnam,26.96,29.63,45.47,51.78
Connecticut,0,World,15241.76,14393.83,14783.75,17399.91
Connecticut,0,Top 25,13701.18,12990.16,13349.26,15865.44
Connecticut,1,France,1942.95,1954.57,2114.07,3178.22
Connecticut,2,Germany,1654.17,1641.65,1824.69,2332.01
Connecticut,3,Canada,1623.05,1634.82,1906.95,1952.28
Connecticut,4,United Kingdom,885.38,893.2,1300.06,1485.64
Connecticut,5,Mexico,1318.75,1061.14,1036.23,948.48
Connecticut,6,China,1028.88,798.27,795.1,943.67
Connecticut,7,Netherlands,476.59,499.06,619.4,771.23
Connecticut,8,Japan,526.58,525.41,546.68,629.05
Connecticut,9,Singapore,278.49,333.72,399.48,623.28
Connecticut,10,"Korea, South",457.53,364.66,539.06,422.93
Connecticut,11,Belgium,259.92,241.81,171.64,242.65
Connecticut,12,Taiwan,115.12,137.95,180.78,229.62
Connecticut,13,Israel,118.73,148.64,128.63,206.62
Connecticut,14,Poland,76.72,61.75,137.52,206.41
Connecticut,15,Brazil,244.62,213.89,181.74,205.03
Connecticut,16,United Arab Emirates,1592.08,1241.81,174.44,190.22
Connecticut,17,Hong Kong,188.87,231.25,209.74,179.47
Connecticut,18,Italy,111.24,111.5,142.34,173.11
Connecticut,19,Malaysia,113.14,116.57,134.75,157.09
Connecticut,20,Switzerland,161.19,204.22,144.79,152.58
Connecticut,21,Turkey,103.93,103.86,130.11,144.2
Connecticut,22,India,93.63,100.39,130.18,138.28
Connecticut,23,Dominican Republic,138.27,124.09,120.12,130.75
Connecticut,24,Australia,104.43,114.21,188.52,112.77
Connecticut,25,Spain,86.91,131.72,92.23,109.85
Delaware,0,World,5407.66,4517.47,4565.61,4703.21
Delaware,0,Top 25,4801.58,3909.89,4005.86,4222.41
Delaware,1,Canada,579.48,545.48,603.78,715.96
Delaware,2,United Kingdom,882,549.31,323.5,404.47
Delaware,3,China,387.46,340.82,353.36,380.77
Delaware,4,Belgium,131.76,140.12,199.95,367.35
Delaware,5,Saudi Arabia,704.67,373.96,499.05,286.11
Delaware,6,Germany,262.87,310.96,231.49,239.03
Delaware,7,United Arab Emirates,387.23,381.61,252.14,212.13
Delaware,8,"Korea, South",61.26,59.24,116.53,195.86
Delaware,9,Kuwait,160.43,155.69,158.63,187.74
Delaware,10,Japan,190.64,163.67,178.22,176.02
Delaware,11,Mexico,153.15,143.04,327.19,156.1
Delaware,12,Singapore,112.05,112.49,135.37,124.4
Delaware,13,Netherlands,229.94,62.67,88.44,122.39
Delaware,14,Taiwan,95.59,97.61,118.31,116.45
Delaware,15,Hong Kong,152.75,77.83,86.99,80.81
Delaware,16,Costa Rica,62.67,55.15,60.27,61.08
Delaware,17,Equatorial Guinea,0.01,0.32,17.01,56.99
Delaware,18,Brazil,83.25,63.56,89.73,55.6
Delaware,19,Australia,12.39,104.74,20.13,53.86
Delaware,20,Bahamas,1.37,27.05,12.89,52
Delaware,21,Colombia,34.9,30.57,32.79,46.09
Delaware,22,India,38.56,39.81,36.69,41.23
Delaware,23,Uruguay,3.55,1.9,3.18,33.4
Delaware,24,Qatar,40.57,51.2,28.67,29.09
Delaware,25,Guatemala,33.02,21.1,31.56,27.46
District of Columbia,0,World,1088.01,1330.67,1483.08,2726.32
District of Columbia,0,Top 25,1012.76,1249.64,1419.47,2654.72
District of Columbia,1,Qatar,1.68,1.29,8.85,703.64
District of Columbia,2,United Arab Emirates,686.39,711.2,238.96,672.52
District of Columbia,3,United Kingdom,13.96,18.21,42.46,456.58
District of Columbia,4,Kuwait,25.24,109.59,788.77,146.44
District of Columbia,5,Egypt,0.16,10.79,22.87,129.47
District of Columbia,6,Morocco,47.35,79.32,81.45,95.33
District of Columbia,7,France,2.08,6.18,21.35,94.94
District of Columbia,8,Germany,5.09,3.51,2.91,43.48
District of Columbia,9,Bahrain,41.19,28.97,29.07,42.22
District of Columbia,10,Norway,25.82,55.21,33.58,39.21
District of Columbia,11,Brazil,25.71,47.76,29.49,31.72
District of Columbia,12,Italy,17.39,0.2,3.3,28.79
District of Columbia,13,Mexico,5.24,5.28,18.55,22.73
District of Columbia,14,Switzerland,9.72,116.96,26.6,21.23
District of Columbia,15,Oman,72.29,30.15,25.02,19.73
District of Columbia,16,Greece,0.95,4.52,5,17.4
District of Columbia,17,Finland,0.13,0,2.49,14.14
District of Columbia,18,Belgium,0.4,0.26,0.36,13.33
District of Columbia,19,Sweden,1.04,0.67,4.81,10.89
District of Columbia,20,India,4.69,1.84,7.55,9.39
District of Columbia,21,Canada,10.5,9.05,11.38,9.21
District of Columbia,22,Netherlands,1.31,1.33,3.17,8.48
District of Columbia,23,Chile,13.18,5.24,7.83,8.32
District of Columbia,24,Japan,0.57,1.42,1.87,7.85
District of Columbia,25,Australia,0.69,0.65,1.77,7.67
Florida,0,World,53903.08,52031.71,54914.29,57240.94
Florida,0,Top 25,37465.71,37780.07,40596.51,41928.85
Florida,1,Brazil,3696.97,3593.4,4086.39,4510.33
Florida,2,Canada,3904.61,3501.34,3585.06,3749.19
Florida,3,Mexico,2721.41,2830.1,3078.53,3335.06
Florida,4,Colombia,2537.81,2186.78,2298.55,2431.06
Florida,5,Germany,1797.29,1950.08,2368.29,2296.69
Florida,6,United Kingdom,1173.81,1425.42,1491.84,2103.38
Florida,7,China,1114.46,1205.57,1864.92,2073.82
Florida,8,Chile,1680.51,1872.69,1815.53,1927.58
Florida,9,Paraguay,1094.52,1508.71,2114.12,1781.21
Florida,10,Dominican Republic,1702.66,1708,1551.63,1673.94
Florida,11,Peru,1699.23,1498.86,1441.04,1496.91
Florida,12,Argentina,1465.67,1424.73,1670.21,1361.28
Florida,13,Costa Rica,1251.11,1264.86,1226.64,1179.41
Florida,14,Panama,1292.74,1306.6,1199.6,1152.13
Florida,15,Netherlands,852.31,962.67,1183.76,1138.94
Florida,16,Switzerland,1454.93,1243.95,1362.98,1111.63
Florida,17,Bahamas,975.56,937.38,1037.72,1067.15
Florida,18,France,751.52,901.85,1087.83,1048.83
Florida,19,Japan,905.06,1208.92,937.94,1011.52
Florida,20,Ecuador,944.76,693.93,913.35,985.7
Florida,21,Hong Kong,713.98,903.33,737.92,957.04
Florida,22,United Arab Emirates,1534.4,1487.54,1244.69,949.4
Florida,23,Italy,549.85,545.48,649.74,923.25
Florida,24,Guatemala,922.08,850.02,926.58,881.16
Florida,25,"Korea, South",728.44,767.86,721.66,782.24
Georgia,0,World,38596.03,35672.84,37223.84,40551.36
Georgia,0,Top 25,30153.13,27854.45,29361.23,31743.39
Georgia,1,Canada,6499.23,5848.7,6248.35,6229.83
Georgia,2,Mexico,3473.29,3527.07,3623.25,3909.03
Georgia,3,China,2652.87,2580.84,2836.66,2981.11
Georgia,4,Germany,1482.04,1584.77,1852.14,2296.01
Georgia,5,Singapore,1225.76,1294.77,1409.4,1634.49
Georgia,6,United Kingdom,1808.19,1345.58,1277.85,1590.86
Georgia,7,Japan,1366.62,1410.82,1360.43,1480.73
Georgia,8,Netherlands,810.66,760.96,1037.03,1315.66
Georgia,9,"Korea, South",846.56,980.56,869.57,1038.33
Georgia,10,Brazil,1216.89,914.79,859.05,841.53
Georgia,11,United Arab Emirates,743.17,727.88,815.56,812.49
Georgia,12,Belgium,744.25,746.49,684.21,765.51
Georgia,13,Australia,948.34,733.44,595.06,752.63
Georgia,14,India,392.12,396.11,1057.85,716.67
Georgia,15,Hong Kong,913.54,714.61,717.22,620.68
Georgia,16,Italy,658.59,532.16,606.52,609.21
Georgia,17,France,548.02,568.11,591.46,607.98
Georgia,18,Turkey,515.98,525.1,533.64,581.57
Georgia,19,Taiwan,499.78,413.8,438.48,544
Georgia,20,Chile,415,339.01,388.5,473.45
Georgia,21,Spain,305.34,283.88,308.51,433.98
Georgia,22,Dominican Republic,287.91,343.7,343.9,386.99
Georgia,23,Vietnam,405.31,359.14,276.74,380.32
Georgia,24,Indonesia,289.43,251.09,294.83,373.13
Georgia,25,Saudi Arabia,1104.24,671.1,335.04,367.21
Hawaii,0,World,1896.39,795.46,952.42,646.94
Hawaii,0,Top 25,1794.67,772.47,929.54,633.82
Hawaii,1,"Korea, South",45.69,49.79,118.61,222.17
Hawaii,2,Singapore,91.72,55.87,136.21,105.99
Hawaii,3,Japan,79.65,70.67,78.47,71.77
Hawaii,4,China,77.95,83.04,124.59,35.62
Hawaii,5,Taiwan,13.05,9.54,12.94,21.39
Hawaii,6,Vietnam,101.71,7.37,16.9,19.89
Hawaii,7,Malaysia,6.25,11.16,1.26,19.12
Hawaii,8,Netherlands,2.14,2.06,1.18,18.8
Hawaii,9,Canada,29.79,66.21,24.31,18.54
Hawaii,10,Hong Kong,21.36,18.05,13.87,16.15
Hawaii,11,Australia,1278.26,313.06,340.13,13.04
Hawaii,12,India,9.77,15.31,11,11.55
Hawaii,13,Bangladesh,0,4.11,13.37,10.64
Hawaii,14,New Zealand,8.95,32.45,7.04,10.42
Hawaii,15,United Kingdom,5.35,4.05,5.77,8.94
Hawaii,16,Philippines,6.71,4.79,5.57,5
Hawaii,17,Thailand,2.64,1.94,2.83,4.56
Hawaii,18,France,2.11,6.31,2.93,3.33
Hawaii,19,Indonesia,3.72,4.84,4.47,3.31
Hawaii,20,Micronesia,0.53,0.3,0.34,2.85
Hawaii,21,Sweden,1.27,1.58,1.85,2.73
Hawaii,22,Germany,2.33,3.63,2.31,2.45
Hawaii,23,Italy,1.27,0.54,1.38,2.1
Hawaii,24,Marshall Islands,1.36,4.82,1.74,2.04
Hawaii,25,Switzerland,1.07,0.99,0.47,1.44
Idaho,0,World,4302.09,4876.94,3864.1,4021.59
Idaho,0,Top 25,4068.72,4668.58,3638.07,3837.69
Idaho,1,Canada,978.54,939.38,845.47,926
Idaho,2,Taiwan,528.56,637.27,573.59,675.15
Idaho,3,China,560.7,620.52,353.26,417.26
Idaho,4,Singapore,421.46,902.53,459.01,345.04
Idaho,5,Mexico,264.09,235.89,231.48,230.11
Idaho,6,Japan,289.91,196.92,182.97,215.16
Idaho,7,United Kingdom,121.28,114.77,141.86,188.82
Idaho,8,Malaysia,122.95,344.85,120.11,111.04
Idaho,9,Hong Kong,85.95,82.72,111.36,109.06
Idaho,10,"Korea, South",220.15,154.7,170.69,107.62
Idaho,11,Netherlands,71.79,71.38,75.27,93.74
Idaho,12,Australia,64.3,55.71,64.42,72.28
Idaho,13,Philippines,65.17,57.58,60.55,68.23
Idaho,14,Germany,42.85,26.65,25.95,57.87
Idaho,15,France,45.41,34.89,25.45,33.4
Idaho,16,Brazil,61.2,65.23,49.19,32.2
Idaho,17,Spain,21.82,26.47,30.22,29.99
Idaho,18,New Zealand,11.81,11.6,10.87,21.7
Idaho,19,Chile,20.09,17.6,19.25,19.84
Idaho,20,Thailand,24.7,19.63,15.22,18.13
Idaho,21,Italy,8.38,12.29,14.19,15
Idaho,22,Ireland,7.98,7.52,5.25,14.1
Idaho,23,Denmark,9.84,11.82,10.93,12.35
Idaho,24,Peru,12.47,9.29,16.01,12.09
Idaho,25,Vietnam,7.3,11.35,25.49,11.51
Illinois,0,World,63368.69,59680.98,65186.97,65415.15
Illinois,0,Top 25,55865.3,52681.59,58142.9,58559.8
Illinois,1,Canada,17459.7,15922.5,17695,17635.77
Illinois,2,Mexico,9111,9488.86,9875.64,10188
Illinois,3,China,4851.26,5094.73,5271.09,3438.33
Illinois,4,Germany,3129.08,2780.96,3439.06,3307.43
Illinois,5,Australia,2640.97,2147.98,2613.72,3181.35
Illinois,6,Japan,2037.84,1973.2,2026.45,1980.34
Illinois,7,United Kingdom,1746.34,1679.67,1739.57,1900.51
Illinois,8,Brazil,1731.68,1288.83,1598.75,1806.14
Illinois,9,Netherlands,1919.28,1378.74,1711.24,1785.29
Illinois,10,Hong Kong,1158.6,1199.91,1416.24,1593.65
Illinois,11,Belgium,1610.39,1501.03,1665.15,1539.05
Illinois,12,Singapore,1174.57,1023.71,1168.13,1237.39
Illinois,13,"Korea, South",1100.41,1219.02,1120.42,1199.33
Illinois,14,France,797.03,838.89,836.01,978.3
Illinois,15,Taiwan,624.15,690.64,669.25,834.01
Illinois,16,Chile,693.37,502.4,712.15,821.53
Illinois,17,India,701.61,724.61,855.16,816.05
Illinois,18,South Africa,672.62,430.57,577.98,708.02
Illinois,19,Indonesia,354.88,460.84,541.83,567.29
Illinois,20,Russia,340.89,318.88,611.9,554.2
Illinois,21,Thailand,294.81,326.21,371.22,554.18
Illinois,22,Colombia,442.61,425.89,468.74,530.55
Illinois,23,United Arab Emirates,634.54,622.47,503.52,500.55
Illinois,24,Malaysia,304.97,298.86,292.68,459.23
Illinois,25,Italy,332.71,342.18,362.01,443.32
Indiana,0,World,33819.14,34650.96,37737.14,39338.64
Indiana,0,Top 25,31012.37,31967.25,34829.75,36450.26
Indiana,1,Canada,10988.27,11511.94,13163.84,13337.75
Indiana,2,Mexico,4916.77,4889.01,5064.42,5416.44
Indiana,3,Japan,1697.23,1656.38,1693.08,2066.35
Indiana,4,China,1265.29,1752.96,2067.56,2002.28
Indiana,5,Germany,1435.64,1781.01,1546.16,1532.13
Indiana,6,France,1478.16,1217.99,1557.44,1429.12
Indiana,7,Italy,1124.06,1191.98,1357.09,1380.59
Indiana,8,United Kingdom,1237.57,1418.75,1158.36,1199.84
Indiana,9,Netherlands,958.41,923.85,1045.29,1008.78
Indiana,10,Australia,512.41,767.46,951.27,988.75
Indiana,11,Belgium,728.67,573.82,584.15,986.53
Indiana,12,Brazil,574.4,454.21,624.95,801.64
Indiana,13,"Korea, South",693.14,566.47,518.91,696.85
Indiana,14,Ireland,915.82,444.49,970.65,634.23
Indiana,15,Afghanistan,67.9,326.23,326.8,474.92
Indiana,16,India,283.37,267.42,302.23,399.27
Indiana,17,Spain,526.26,464.77,363.24,378.29
Indiana,18,Singapore,214.2,244.11,278.2,337.72
Indiana,19,Hong Kong,233.03,225.35,194.88,242.76
Indiana,20,United Arab Emirates,182.53,257.23,227.17,219.85
Indiana,21,Argentina,159.89,197.68,194.04,209.1
Indiana,22,Colombia,212.74,172.51,163.49,193.39
Indiana,23,Taiwan,172.55,181.02,195.07,176.37
Indiana,24,Saudi Arabia,306.84,345.31,160.25,170.22
Indiana,25,Chile,127.21,135.31,121.21,167.06
Iowa,0,World,13238.36,12122.36,13399,14323.74
Iowa,0,Top 25,11853.84,10757.38,11842.76,12843.48
Iowa,1,Canada,3873.38,3369.67,4079.84,4238.2
Iowa,2,Mexico,2096.58,2273.56,2263.11,2336.38
Iowa,3,Japan,1130.7,1102.59,1007.69,964.46
Iowa,4,China,1204.07,499.48,587.48,625.6
Iowa,5,Germany,493.65,431.75,470.81,456.19
Iowa,6,Australia,338.63,294.45,379.76,412.16
Iowa,7,Brazil,257.31,252.03,271.37,411.87
Iowa,8,"Korea, South",347.51,267.94,298.27,388.57
Iowa,9,Egypt,42.31,93.57,47.31,381.51
Iowa,10,United Kingdom,288.56,237.68,330.65,335.38
Iowa,11,France,330,275.81,320.19,313.97
Iowa,12,Hong Kong,196.22,225.65,270.12,236.01
Iowa,13,Taiwan,135.4,154.93,170.78,207.93
Iowa,14,Netherlands,202.69,168.37,148.24,186.31
Iowa,15,Spain,90.49,94.15,127.23,181.14
Iowa,16,Ireland,120.37,189.87,189.62,164.79
Iowa,17,Colombia,147.96,146.83,80.84,160.15
Iowa,18,Russia,38.93,95.54,115.95,128.25
Iowa,19,Belgium,56.46,67.13,95.63,123.72
Iowa,20,Turkey,52.94,100,147.34,107.93
Iowa,21,India,74.75,80.68,87.5,107.86
Iowa,22,New Zealand,64.45,58.21,62.1,97.47
Iowa,23,Italy,102.42,98.88,97.74,96.17
Iowa,24,Singapore,106.05,111.87,119.39,93.77
Iowa,25,Argentina,62.02,66.75,73.81,87.69
Kansas,0,World,10689.48,10154.44,11243.47,11603.59
Kansas,0,Top 25,9191.24,8597.97,9595.5,9811.93
Kansas,1,Mexico,1797.77,1864.92,1882.15,2118.54
Kansas,2,Canada,2368.15,1786.89,2511.82,1921.63
Kansas,3,Japan,709.96,805.77,980.32,1008.08
Kansas,4,China,986.26,745.03,705.77,657.14
Kansas,5,United Kingdom,433.46,431.28,418.76,528.29
Kansas,6,Germany,308.22,367.78,430.27,480.7
Kansas,7,"Korea, South",213.28,222.15,281.85,413.02
Kansas,8,Singapore,192.45,236.03,256.34,336.46
Kansas,9,France,248.67,293.54,269.67,298.02
Kansas,10,Australia,203.16,252.31,195.14,239.68
Kansas,11,Taiwan,164.7,167.58,196.24,230.25
Kansas,12,Brazil,245.05,344.17,207.2,187.42
Kansas,13,Hong Kong,176.89,144.64,161.37,179.39
Kansas,14,Guatemala,9.23,37.65,46.36,148.32
Kansas,15,Spain,41.93,53.59,81.41,126.1
Kansas,16,Netherlands,129.39,101.64,90.05,120.79
Kansas,17,Italy,122.06,90.52,89,115.03
Kansas,18,Vietnam,84.73,75.53,67.01,114.69
Kansas,19,Belgium,88.6,92,103.63,93.64
Kansas,20,Philippines,112.23,56.23,84.94,87.08
Kansas,21,Malaysia,45.65,53.87,51.07,86.09
Kansas,22,Nigeria,304.63,160.16,218.28,83.79
Kansas,23,Thailand,65.81,72.36,90.21,83.26
Kansas,24,Switzerland,88.45,80.73,97.67,78.86
Kansas,25,Indonesia,50.52,61.62,78.96,75.69
Kentucky,0,World,27636.6,29201.01,30857.27,31757.17
Kentucky,0,Top 25,25831.22,27716.32,29439.58,30231.37
Kentucky,1,Canada,7259.5,7476.95,7709.77,7751.97
Kentucky,2,France,1773.76,2832.83,2937.47,3315.32
Kentucky,3,United Kingdom,2557.66,2837.75,3186.31,2959.76
Kentucky,4,Brazil,1738.99,2044.75,2436.52,2487.5
Kentucky,5,Mexico,2303.76,2226.95,2123.22,2272.66
Kentucky,6,China,1921.71,1760.38,2815.16,2181.19
Kentucky,7,Netherlands,942.41,971.48,1055.71,1310.77
Kentucky,8,Germany,945.31,999.16,1068.49,1163.72
Kentucky,9,Japan,1163.71,1066.67,1068.34,1079.59
Kentucky,10,Singapore,869.2,772.27,854.8,866.42
Kentucky,11,Austria,576.6,568.37,428.97,791.83
Kentucky,12,Malaysia,296.19,390.44,511.93,595.39
Kentucky,13,"Korea, South",417.52,538.55,559.98,517.8
Kentucky,14,Hong Kong,683.9,852.65,533.91,480.73
Kentucky,15,Australia,368.36,342.57,367.63,350.16
Kentucky,16,Italy,209.3,211.51,278.89,344.48
Kentucky,17,Belgium,483.86,446.48,384.12,316.68
Kentucky,18,Sweden,59.19,76.36,108.22,288.04
Kentucky,19,United Arab Emirates,214.35,168.24,172.81,242.99
Kentucky,20,Spain,144.56,174.25,179.75,193.63
Kentucky,21,Taiwan,147.17,174.48,166.3,177.56
Kentucky,22,India,159.38,165.04,127.74,158.25
Kentucky,23,Ireland,90.41,103.1,111.33,140.78
Kentucky,24,Saudi Arabia,433.86,426.69,167.79,135.23
Kentucky,25,Israel,70.58,88.39,84.4,108.94
Louisiana,0,World,48678.64,48334.63,57005.31,66236.86
Louisiana,0,Top 25,37803.8,37456.51,44505.23,52412.53
Louisiana,1,Mexico,5882.22,5414.48,7270.21,8848.66
Louisiana,2,"Korea, South",780.92,1008.02,1878.54,3841.66
Louisiana,3,Netherlands,2191.44,2311.4,2506.92,3609.93
Louisiana,4,Brazil,1462.34,1739.92,2773.45,3592.84
Louisiana,5,Canada,2871.19,2708.46,2688.4,3547.34
Louisiana,6,China,6549.6,7948.33,7761.28,3053.6
Louisiana,7,India,507.75,683.53,881.79,2671.46
Louisiana,8,Colombia,2064.06,1965.94,2224.63,2647.39
Louisiana,9,Japan,2371.94,2001.3,2683.2,2449.08
Louisiana,10,United Kingdom,1323.06,904.91,1014.64,1687.06
Louisiana,11,Singapore,964.61,937.4,1388.05,1648.48
Louisiana,12,Egypt,714.47,637.54,841.24,1485.45
Louisiana,13,Belgium,1339.05,1118.22,1234.89,1351.36
Louisiana,14,Chile,914.16,947.14,1307.11,1332.7
Louisiana,15,Spain,859.67,655.52,737.28,1329.3
Louisiana,16,France,1469.32,1016.54,975.68,1206.23
Louisiana,17,Peru,649.96,1042.2,1149.92,1180.32
Louisiana,18,Argentina,957.92,675.62,761.04,1126.04
Louisiana,19,Venezuela,739.39,841.18,661.93,949.24
Louisiana,20,Dominican Republic,746.7,667.21,635.76,919.17
Louisiana,21,Guatemala,730.09,615.3,878.85,898.01
Louisiana,22,Bahamas,252.47,225.79,612.1,842.38
Louisiana,23,Honduras,495.5,428.75,513.63,816.81
Louisiana,24,Jamaica,397.95,308.59,515.8,715.48
Louisiana,25,Saudi Arabia,568.02,653.21,608.89,662.53
Massachusetts,0,World,25289.29,25893.68,27565.8,27139.83
Massachusetts,0,Top 25,22875.72,23356.05,24891.65,24509.21
Massachusetts,1,Canada,3165.51,3105.14,3012.26,2964.18
Massachusetts,2,China,2054.89,2167.45,2303.55,2640.22
Massachusetts,3,Mexico,2622.24,2471.48,2562.04,2510.61
Massachusetts,4,Germany,1910.73,1634.48,1820.25,1951.73
Massachusetts,5,Japan,1475.68,1399.74,1279.26,1486.94
Massachusetts,6,Netherlands,1399.44,1370.21,1255.19,1349.12
Massachusetts,7,Hong Kong,928.45,899.34,1320.51,1305.99
Massachusetts,8,"Korea, South",1005.14,978.49,1218.71,1240.17
Massachusetts,9,Switzerland,1024.85,1768.53,1118.82,1212.37
Massachusetts,10,United Kingdom,1178.83,1585.26,2115.82,1101.77
Massachusetts,11,Ireland,842.97,948.64,913.79,819.58
Massachusetts,12,Singapore,564.43,610.8,681.2,748.96
Massachusetts,13,France,575.11,635.53,686.17,707.79
Massachusetts,14,Taiwan,686.83,656.72,619.82,670.27
Massachusetts,15,Italy,454.67,407.31,579.58,548.78
Massachusetts,16,United Arab Emirates,149.99,161.84,285.07,493.06
Massachusetts,17,Australia,348.38,335.78,328.2,425.98
Massachusetts,18,Saudi Arabia,264.57,212.95,714.96,405.89
Massachusetts,19,Belgium,602,511.18,606.59,396.02
Massachusetts,20,Philippines,216.04,277.98,275.02,288.15
Massachusetts,21,India,288.51,306.38,326.4,281.23
Massachusetts,22,Malaysia,249.71,257.2,252.53,274.53
Massachusetts,23,Turkey,187.52,204.22,229.71,255.63
Massachusetts,24,Brazil,285.71,230.86,245.87,235.5
Massachusetts,25,Sweden,393.48,218.56,140.32,194.74
Maryland,0,World,10052.1,9652.84,9317.49,12075.75
Maryland,0,Top 25,7879.1,7815.04,7565.02,10190.56
Maryland,1,Canada,1547.26,1457.88,1506.32,1640.8
Maryland,2,Japan,398.54,352.28,372.68,1121.46
Maryland,3,France,227.23,324.84,427.84,1118.05
Maryland,4,Saudi Arabia,787.86,557.11,304.54,606.7
Maryland,5,Germany,377.96,416.14,619.37,590.75
Maryland,6,Netherlands,436.41,465.25,435.72,587.15
Maryland,7,China,487.5,485.06,599.72,577.59
Maryland,8,United Kingdom,566.87,529.42,461.8,504.35
Maryland,9,Mexico,445.14,423.8,376.63,416.69
Maryland,10,Belgium,340.66,410.68,432.95,409.3
Maryland,11,India,234.59,230.25,226.5,398.24
Maryland,12,Singapore,155.91,170.82,219,215.71
Maryland,13,Italy,136.44,115.05,72.48,213.47
Maryland,14,"Korea, South",201.16,233.68,199.06,198.88
Maryland,15,Egypt,380.4,147.62,243.37,187.86
Maryland,16,Morocco,10.24,11.23,64.35,181.94
Maryland,17,Chile,116.92,127.51,112.96,159.14
Maryland,18,Brazil,190.58,144.81,181.08,156.08
Maryland,19,Argentina,77.76,49.03,122.23,148.38
Maryland,20,Taiwan,118.12,114.36,99.8,144.04
Maryland,21,Turkey,62.26,81.97,66.19,141.28
Maryland,22,Australia,255.94,619.12,121.42,131.04
Maryland,23,Israel,145.14,221.18,142.93,118.24
Maryland,24,Hong Kong,113.59,85.25,98.14,115.98
Maryland,25,Nigeria,64.64,40.7,57.92,107.44
Maine,0,World,2761.77,2863.23,2711.93,2825.34
Maine,0,Top 25,2512.5,2657.57,2525.56,2628.16
Maine,1,Canada,1304.5,1365.5,1301.62,1414.17
Maine,2,China,212.08,206.54,238.33,204.28
Maine,3,Malaysia,207.68,160.79,156.12,121.88
Maine,4,Italy,68.95,38.71,58.12,87.48
Maine,5,Japan,81.86,93.43,82.28,87.2
Maine,6,"Korea, South",79,73.71,59.03,66.41
Maine,7,Germany,103.61,216.48,149.81,66.02
Maine,8,Singapore,32.63,25.94,29.37,60.28
Maine,9,Netherlands,51.8,50.52,53.52,59.54
Maine,10,Mexico,59.56,46.12,47.46,52.84
Maine,11,Hong Kong,29.27,36.15,37.48,51.94
Maine,12,Taiwan,47.19,61.54,36.22,49.71
Maine,13,United Kingdom,54.86,56.92,47.5,49.52
Maine,14,Philippines,23.42,29.21,59.65,44.02
Maine,15,Belgium,46.76,60.16,27.41,30.7
Maine,16,Turkey,15.57,25.89,21.71,24.74
Maine,17,Australia,29.87,40.94,40.13,22.88
Maine,18,Thailand,8.94,10.76,14.77,19.98
Maine,19,Brazil,18.29,20.77,16.98,19.46
Maine,20,Russia,1.19,0.32,0.38,18.35
Maine,21,New Zealand,7.69,13.84,13.67,17.92
Maine,22,Macau,5.22,7.06,12.75,16.83
Maine,23,South Africa,5.05,2.65,3.79,14.58
Maine,24,Spain,5.41,4.88,8.31,13.88
Maine,25,Israel,12.11,8.75,9.12,13.54
Michigan,0,World,53944.93,54752.2,59870.4,57940.09
Michigan,0,Top 25,51116.54,51810.46,56860.12,54526.91
Michigan,1,Canada,23515.55,23711.19,24895.45,23794.25
Michigan,2,Mexico,11791.92,12044.65,12507.42,12298.22
Michigan,3,China,3201.97,3268.74,3675.19,3563.26
Michigan,4,Germany,1919.14,1998.81,1985.56,1969.41
Michigan,5,Japan,1218.14,1502.69,1579.15,1433.15
Michigan,6,"Korea, South",1066.08,975.61,1276.1,1387.4
Michigan,7,Italy,1056.1,906.44,1155.32,1257.97
Michigan,8,Brazil,819.3,1014.94,2257.03,1040.94
Michigan,9,United Kingdom,778.17,877.86,944.99,908.1
Michigan,10,Belgium,686.96,725.17,743.99,758.38
Michigan,11,Australia,888.58,577.59,848.65,613.78
Michigan,12,India,318.87,308.83,479.53,537.3
Michigan,13,France,455.75,533.89,517.53,515.76
Michigan,14,Thailand,389.46,473.77,495.8,515.25
Michigan,15,Spain,329.59,305.14,306.77,492.18
Michigan,16,Saudi Arabia,380.31,304.97,323.71,456.3
Michigan,17,United Arab Emirates,458.71,402.78,480.23,447.45
Michigan,18,Chile,247.37,189.53,314.5,435.78
Michigan,19,Hong Kong,200.17,264.42,386.02,400.3
Michigan,20,Netherlands,335.05,335.8,363.94,361.59
Michigan,21,Taiwan,249.06,298.59,330.83,316.24
Michigan,22,Switzerland,201.02,219.71,244.91,274.27
Michigan,23,Turkey,175.69,179.59,227.95,259.52
Michigan,24,South Africa,250.99,225.99,258.59,253.26
Michigan,25,Singapore,182.6,163.76,260.95,236.86
Minnesota,0,World,20013.27,19200.34,20691.9,22684.57
Minnesota,0,Top 25,17765.82,17164.67,18432.87,20360.46
Minnesota,1,Canada,4454.38,4059.77,4304.22,4801.82
Minnesota,2,Mexico,2382.22,2338.77,2434,2361.76
Minnesota,3,China,1806.43,1829.45,1987.48,2259.88
Minnesota,4,Japan,1114.96,1033.45,1357.29,1517.73
Minnesota,5,Germany,835.22,763,886.43,1072.94
Minnesota,6,"Korea, South",771,821.69,857.2,1042.52
Minnesota,7,Singapore,512.07,572.94,561.88,656.51
Minnesota,8,United Kingdom,532.98,564.42,589.81,620.91
Minnesota,9,Belgium,825.69,732.83,660.58,603.32
Minnesota,10,Hong Kong,398.11,377.84,426.8,528.36
Minnesota,11,Philippines,471.68,436.39,432.55,495.51
Minnesota,12,Ireland,390.47,398.38,397,471.57
Minnesota,13,Netherlands,339.1,370.11,501.97,468.76
Minnesota,14,Australia,455.67,380.68,426.58,461.84
Minnesota,15,France,336.86,332.41,352.84,434.19
Minnesota,16,Taiwan,418.37,457.39,477.41,412.9
Minnesota,17,Thailand,256.95,226.37,236.13,377.96
Minnesota,18,India,213.71,194,211.23,295.77
Minnesota,19,Brazil,280.53,210.64,229.47,295.3
Minnesota,20,Italy,207.96,218.77,240.08,245.02
Minnesota,21,Indonesia,168.63,186.87,186.41,204.88
Minnesota,22,Malaysia,156.62,165.53,179.23,197.94
Minnesota,23,Switzerland,209.62,187.75,172.59,181.3
Minnesota,24,Costa Rica,112.66,186.33,172.15,178.97
Minnesota,25,Poland,113.95,118.9,151.53,172.8
Missouri,0,World,13646.63,13934.57,14206.2,14499.77
Missouri,0,Top 25,12322.27,12751.53,13086.95,13368.82
Missouri,1,Canada,4518.74,5234.1,5179.94,5545.79
Missouri,2,Mexico,2490.26,2534.71,2564.51,2610.98
Missouri,3,China,876.43,864.11,929.36,782.83
Missouri,4,Japan,498.47,514.2,554.51,533.04
Missouri,5,Belgium,479.54,491.53,576.41,494.93
Missouri,6,Germany,485.36,459.17,459.3,437.23
Missouri,7,"Korea, South",441.36,326.26,267.57,335.86
Missouri,8,United Kingdom,363.89,301.88,334.69,322.79
Missouri,9,Australia,219.39,261.31,300.1,313.59
Missouri,10,France,141.74,207.42,280.15,245.25
Missouri,11,Brazil,294.81,176.72,221.05,232.6
Missouri,12,Netherlands,137.31,120.68,142.51,196.43
Missouri,13,Singapore,187.19,200.77,224.24,179.84
Missouri,14,Italy,123.91,86.79,162.09,176.56
Missouri,15,India,122.43,128.14,124.84,129.22
Missouri,16,Saudi Arabia,156.64,112.63,198.5,103.44
Missouri,17,Vietnam,62.85,85.19,81.96,100.77
Missouri,18,Chile,62.61,51.76,51.58,90.95
Missouri,19,Thailand,113.55,110.25,87.9,88.02
Missouri,20,Ireland,203.14,84.55,71.51,85.26
Missouri,21,Hong Kong,80.47,77.85,75.57,77.65
Missouri,22,Switzerland,83.5,151.28,39.66,76.45
Missouri,23,Taiwan,90.51,77.53,71.16,75.7
Missouri,24,Malaysia,44.7,35.76,40.11,74.23
Missouri,25,Indonesia,43.47,56.94,47.7,59.41
Mississippi,0,World,10848.57,10504.7,10994.56,11808.27
Mississippi,0,Top 25,9140.43,8813.4,9273.27,10109.17
Mississippi,1,Canada,2049.05,2198.81,2248.32,2220.98
Mississippi,2,Mexico,1143.57,1033.16,961.62,1181.5
Mississippi,3,Panama,1112.07,839.6,985.33,1157.88
Mississippi,4,China,519.52,564.95,787.12,637.55
Mississippi,5,Japan,314.86,265.86,230.62,525.79
Mississippi,6,Belgium,337.05,399.9,468.1,514.58
Mississippi,7,Netherlands,282.8,401.31,365.21,494.69
Mississippi,8,Honduras,377.68,418.74,393.19,475.12
Mississippi,9,Brazil,182.83,193.68,303.5,426.26
Mississippi,10,Guatemala,536.89,420.01,434.56,384.51
Mississippi,11,Germany,282.95,350.93,213.37,206.34
Mississippi,12,Gibraltar,334.16,308.07,350.88,190.81
Mississippi,13,United Kingdom,167.45,170.94,170.09,179.13
Mississippi,14,Chile,107.04,222.02,136.57,150.56
Mississippi,15,United Arab Emirates,232.67,59.32,51.93,138.86
Mississippi,16,Singapore,123.71,138.27,179.09,137.44
Mississippi,17,"Korea, South",136.88,123.05,144.36,136.93
Mississippi,18,Peru,293.07,96.14,105.76,136.23
Mississippi,19,Australia,133.85,123.01,103.49,135.89
Mississippi,20,El Salvador,188.69,125.3,160.85,123.85
Mississippi,21,Indonesia,51.88,63.45,92.28,118.71
Mississippi,22,Vietnam,59.28,61.24,101.89,118.21
Mississippi,23,France,71.01,105.8,150.67,111.06
Mississippi,24,Bangladesh,16.63,19.68,38.59,105.62
Mississippi,25,India,84.84,110.15,95.87,100.65
Montana,0,World,1404.09,1360.04,1616.01,1653.54
Montana,0,Top 25,1292.72,1239.76,1487.08,1550.2
Montana,1,Canada,523.05,634.89,685.41,680.33
Montana,2,"Korea, South",171.64,100.39,261.12,292.09
Montana,3,China,134.59,103.12,128.63,114.53
Montana,4,Belgium,40.93,31.5,52.01,85.04
Montana,5,Japan,76.94,50.46,40.38,55.8
Montana,6,Taiwan,34.78,57.57,48.78,50.84
Montana,7,Mexico,40.74,36.74,42.28,39.17
Montana,8,United Kingdom,24.25,19.28,25.05,30.04
Montana,9,Germany,31.28,20.9,27.75,19.85
Montana,10,Netherlands,28.84,16.64,17.63,17.52
Montana,11,Peru,12.76,12.63,11.84,17.2
Montana,12,Australia,7.86,10.01,6.71,15.74
Montana,13,France,13.9,15.7,15.95,15.21
Montana,14,Singapore,25.52,10.12,16.28,14.4
Montana,15,Italy,17.84,13.18,15.76,13.14
Montana,16,Malaysia,17.1,11.15,9.01,12.06
Montana,17,Philippines,14.05,4.15,3.6,11.06
Montana,18,Sweden,7.81,9.24,9.72,10.74
Montana,19,Denmark,4.96,3.13,2.24,9.33
Montana,20,Colombia,7.6,10.59,29.69,9.04
Montana,21,India,33.39,52.06,22.65,8.55
Montana,22,Hong Kong,7.94,6.79,7.38,7.41
Montana,23,Thailand,4.59,4.46,4.23,7.14
Montana,24,Saudi Arabia,9.76,4.06,1.28,7.1
Montana,25,Ecuador,0.59,1.03,1.71,6.88
North Carolina,0,World,30201.79,30180.14,32622.5,32729.77
North Carolina,0,Top 25,26128.37,26075.37,28425.35,28617.31
North Carolina,1,Canada,6863.1,6407,6649.69,6627.74
North Carolina,2,Mexico,3190.91,3021.28,3560.21,3779.23
North Carolina,3,China,2186.13,2189.01,2361.53,2339.43
North Carolina,4,France,1132.9,1184.15,1443.65,1913.7
North Carolina,5,Japan,1482.35,1547.37,1572.54,1602.27
North Carolina,6,Saudi Arabia,1427.29,1610.96,1661.56,1404.12
North Carolina,7,Netherlands,724.91,758.91,930.07,1045.87
North Carolina,8,Germany,1002.25,1008.07,1121.05,1018.02
North Carolina,9,United Kingdom,1009.57,1455.63,1347.94,969.8
North Carolina,10,Belgium,781.93,682.03,725.97,904.01
North Carolina,11,Honduras,861.24,840.64,801.67,810.05
North Carolina,12,Ireland,379.76,454.42,1007.97,687.49
North Carolina,13,"Korea, South",629.09,534.7,560.37,621.37
North Carolina,14,Spain,328.24,364.03,557.45,619.82
North Carolina,15,Hong Kong,774.82,727.44,693.92,600.5
North Carolina,16,India,403.69,454.88,406.67,492.84
North Carolina,17,Brazil,565.42,437.06,446.36,481.34
North Carolina,18,Singapore,425.55,371.36,384.87,471.58
North Carolina,19,Australia,483.63,520.29,527.99,436.58
North Carolina,20,Italy,214.83,270.43,322.87,385.43
North Carolina,21,Dominican Republic,336.28,318.37,364.12,347.29
North Carolina,22,Taiwan,258.4,275.29,294.34,297.44
North Carolina,23,El Salvador,264.99,207.16,250.52,279.51
North Carolina,24,Indonesia,230.39,239.08,232.83,243.48
North Carolina,25,Vietnam,170.69,195.83,199.19,238.4
North Dakota,0,World,4027.22,5291.55,5835.49,6778.34
North Dakota,0,Top 25,3785.47,5113.87,5670.29,6662.25
North Dakota,1,Canada,2922.92,4359.52,4896.94,5821.77
North Dakota,2,Mexico,294.3,256.5,243.58,231.12
North Dakota,3,Australia,133.35,121.87,120.59,147.12
North Dakota,4,Germany,43.14,43.35,45.63,59.55
North Dakota,5,United Kingdom,18.67,19.43,19.62,36.28
North Dakota,6,Japan,40.98,29.41,33.66,36.2
North Dakota,7,Dominican Republic,18.84,18.73,16.48,35.4
North Dakota,8,Czech Republic,69.78,62.92,45.58,34.26
North Dakota,9,Russia,5.72,21.14,23.01,33.89
North Dakota,10,Brazil,23.93,8.15,15.76,31.74
North Dakota,11,China,16.95,22.05,51.57,21.57
North Dakota,12,Panama,20.03,10.19,12.77,20.76
North Dakota,13,France,10.15,7.96,14.43,17.91
North Dakota,14,Italy,42.23,14.05,9.64,14.31
North Dakota,15,Hong Kong,2.12,4.97,11.61,14.27
North Dakota,16,"Korea, South",19.79,18.32,11.55,14.22
North Dakota,17,Spain,19.78,13.71,12.23,13.18
North Dakota,18,South Africa,12.95,11.05,12.97,12.17
North Dakota,19,Singapore,6.87,6.4,7.09,11.65
North Dakota,20,India,34.28,27.07,15.09,10.96
North Dakota,21,Argentina,7.42,6.24,7.96,10.62
North Dakota,22,Poland,6,7.1,5.8,10.41
North Dakota,23,Netherlands,4.04,3.9,5.27,8.01
North Dakota,24,Peru,6.46,9.26,13.46,7.53
North Dakota,25,Ukraine,4.76,10.57,18,7.35
Nebraska,0,World,6663.67,6381.34,7206.42,7944.79
Nebraska,0,Top 25,6093.94,5859.79,6637.36,7307.93
Nebraska,1,Mexico,1261.37,1459.84,1511.84,1774.41
Nebraska,2,Canada,1466.91,1219.13,1583.36,1715.86
Nebraska,3,Japan,884.3,695.41,775.23,826.71
Nebraska,4,"Korea, South",359.97,412.9,441.73,482.26
Nebraska,5,China,484.05,470.37,483.18,424.61
Nebraska,6,Hong Kong,237.78,191.01,188.69,234.62
Nebraska,7,Australia,182.64,201.19,253.97,231.76
Nebraska,8,Netherlands,204.7,127.61,170.1,166.18
Nebraska,9,Vietnam,53.73,45.96,38.07,159.6
Nebraska,10,Taiwan,86.61,105.16,132.91,150.95
Nebraska,11,Germany,164.48,135.43,135.67,147.61
Nebraska,12,Belgium,92.97,151.6,139,139.21
Nebraska,13,France,81,108.52,105.68,135.12
Nebraska,14,Brazil,85.45,76.46,99.38,134.76
Nebraska,15,Indonesia,15.74,23.63,81.41,75.43
Nebraska,16,Chile,21.87,40.43,66.95,65.59
Nebraska,17,Singapore,54.64,46.44,57.85,64.06
Nebraska,18,United Kingdom,42.99,43.46,49.18,63.7
Nebraska,19,Spain,42.4,47.64,55.84,51.86
Nebraska,20,Italy,73.53,80.07,64.36,51.84
Nebraska,21,Thailand,41.95,52.15,47.52,50.79
Nebraska,22,South Africa,43.44,38.44,40.75,50.34
Nebraska,23,Philippines,30.94,24.2,36.47,38.69
Nebraska,24,Russia,23.67,22,38.29,37.54
Nebraska,25,New Zealand,56.81,40.75,39.93,34.46
New Hampshire,0,World,4001.32,4143.67,5147.88,5285.59
New Hampshire,0,Top 25,3517.59,3635.49,4503.82,4811.57
New Hampshire,1,Germany,181.16,236.41,324.7,691.84
New Hampshire,2,Canada,536.53,559.42,577.44,663.73
New Hampshire,3,Ireland,147.53,159.36,369.22,433.39
New Hampshire,4,Mexico,503.1,442.67,481.13,419.96
New Hampshire,5,China,282.25,301.53,423.44,367.81
New Hampshire,6,France,123.61,186.55,200.02,223.46
New Hampshire,7,Saudi Arabia,118.82,65.88,190,219.17
New Hampshire,8,Japan,109.7,131.48,247.82,216.62
New Hampshire,9,United Kingdom,265.09,152.67,201.91,181.17
New Hampshire,10,Netherlands,170.47,147.35,165.83,177.96
New Hampshire,11,Hong Kong,202.78,124.21,126.05,168.09
New Hampshire,12,United Arab Emirates,279.9,207.31,164.94,134.23
New Hampshire,13,Australia,72.23,48.61,111.5,127.82
New Hampshire,14,Italy,93.81,137,107.17,94.21
New Hampshire,15,"Korea, South",61.17,162.29,151.37,93.75
New Hampshire,16,Israel,47.75,51.01,58.61,91.72
New Hampshire,17,Singapore,68.02,63.63,76.74,89.63
New Hampshire,18,Taiwan,29.94,35.66,70.27,66.71
New Hampshire,19,Thailand,26.97,74.56,44.25,64.22
New Hampshire,20,Malaysia,36.25,51.04,53.82,59.36
New Hampshire,21,Poland,12.24,8.53,31.03,56.19
New Hampshire,22,Spain,37.43,40.26,192.43,53.37
New Hampshire,23,India,38.25,28.69,53.89,47.19
New Hampshire,24,Turkey,27.62,49.76,48.89,38.46
New Hampshire,25,Brazil,44.97,169.61,31.33,31.52
New Jersey,0,World,32063,31177.53,34486.25,35662.51
New Jersey,0,Top 25,27556.21,26770.09,29556.2,30668
New Jersey,1,Canada,6579.53,6346.96,6781.64,7045.72
New Jersey,2,Mexico,2617,2592.72,2805.02,2956.56
New Jersey,3,United Kingdom,2117.51,1910.32,2200.13,2406.11
New Jersey,4,China,1536.9,1416.66,1593.98,1572.83
New Jersey,5,Germany,1099.83,1340.46,1505.92,1523.77
New Jersey,6,Netherlands,1305.72,1531.25,1483.8,1485.16
New Jersey,7,Japan,1364.88,1228.76,1558.63,1434.7
New Jersey,8,Singapore,604.4,637.49,1010.31,1176.13
New Jersey,9,Hong Kong,1001.98,805.22,1041.07,1043.98
New Jersey,10,"Korea, South",1215.16,922.97,943.67,1032.09
New Jersey,11,France,1056.45,1210.77,1008.98,951.55
New Jersey,12,United Arab Emirates,874.28,814.26,899,892.7
New Jersey,13,Italy,489.02,656.26,660.93,886.82
New Jersey,14,Belgium,786.84,817.8,874.08,835.26
New Jersey,15,Saudi Arabia,850.08,843.2,809.8,750.25
New Jersey,16,Brazil,500.7,483.57,694.07,717.17
New Jersey,17,India,624.23,500.13,533.51,648.59
New Jersey,18,Taiwan,490.11,502.55,548.26,568.62
New Jersey,19,Turkey,396.94,363.07,557.41,537.07
New Jersey,20,Australia,457.46,475.49,572.8,520.4
New Jersey,21,Switzerland,293.81,310.26,409.63,443.85
New Jersey,22,Ireland,199.86,243.75,364.96,417.17
New Jersey,23,Israel,776.13,412.29,263.11,335.69
New Jersey,24,Dominican Republic,145,250.13,221.03,246.32
New Jersey,25,Poland,172.39,153.74,214.45,239.5
New Mexico,0,World,3781.7,3616.16,3609.59,3654.79
New Mexico,0,Top 25,3600.66,3396.47,3347.7,3512.36
New Mexico,1,Mexico,1683.31,1557.41,1587.79,1419.38
New Mexico,2,China,117.21,496.89,1002.12,1104.93
New Mexico,3,Japan,69.11,238.67,47.39,241.19
New Mexico,4,"Korea, South",21.41,35.49,62.12,120.51
New Mexico,5,Canada,188.25,138.73,127.06,116.33
New Mexico,6,Germany,64.53,68.14,62.98,63.08
New Mexico,7,Australia,16.26,17.66,46.52,42.23
New Mexico,8,Poland,5.86,5.64,13.18,37.87
New Mexico,9,Singapore,21.59,42.53,80.75,37.24
New Mexico,10,Belgium,78.42,46.42,30.48,35.67
New Mexico,11,Ireland,51.7,29.42,22.49,32.95
New Mexico,12,Netherlands,23.59,27.27,28.28,27.43
New Mexico,13,India,23.78,37.84,18.35,25.73
New Mexico,14,United Kingdom,32.57,36.87,27.64,24.75
New Mexico,15,Italy,14.36,14.09,31.01,23.33
New Mexico,16,Turkey,8.4,6.66,42.88,22.6
New Mexico,17,Chile,9.8,5.51,5.14,20.27
New Mexico,18,Brazil,18.87,13.03,13.79,18.75
New Mexico,19,Hong Kong,18.09,16.86,17.64,18.6
New Mexico,20,Israel,1082.89,508.05,12.02,16.17
New Mexico,21,France,11.45,17.3,18.22,13.65
New Mexico,22,Taiwan,6.37,5.16,8.06,13.22
New Mexico,23,Thailand,18.55,15.27,18.04,12.7
New Mexico,24,Indonesia,7.93,6.08,14.58,11.96
New Mexico,25,Colombia,6.36,9.5,9.16,11.85
Nevada,0,World,8666.52,9765.63,12162.49,11084.53
Nevada,0,Top 25,7934.76,9059.81,11405.21,10400.18
Nevada,1,Switzerland,2425.92,3937.34,4735.84,3410.14
Nevada,2,India,1720.87,812.18,1798.64,1672.34
Nevada,3,Canada,1280.84,1378.38,1104.6,1190.65
Nevada,4,China,427.7,586.09,804.77,916.76
Nevada,5,Mexico,448.28,486.45,606.34,588.75
Nevada,6,Germany,96.72,167.28,284.51,355.25
Nevada,7,Hong Kong,270.43,179.01,352.52,248.89
Nevada,8,Japan,156.76,187.54,174.27,247.28
Nevada,9,Australia,104.33,126.88,193.39,197.2
Nevada,10,United Kingdom,111.46,131.14,157.08,170.79
Nevada,11,Netherlands,84.49,115,133.08,160.2
Nevada,12,"Korea, South",91.1,139.75,143.18,144.99
Nevada,13,Brazil,64.55,51.39,56.83,139.63
Nevada,14,Malaysia,103.57,86.36,83.37,137.5
Nevada,15,Singapore,85.93,111.17,119.27,121.26
Nevada,16,Saudi Arabia,19.06,35.58,35.76,90.42
Nevada,17,Spain,33.02,41.07,66.11,87.85
Nevada,18,Peru,40.15,53.09,40.31,74.43
Nevada,19,United Arab Emirates,41.75,48.66,78.52,71.93
Nevada,20,Philippines,56.88,37.38,25.99,69.22
Nevada,21,France,60.92,82.77,84.88,67.67
Nevada,22,Belgium,101.79,126.31,169.53,60.89
Nevada,23,South Africa,49.31,44.99,44.45,59.4
Nevada,24,Taiwan,43.4,46.29,56.58,58.95
Nevada,25,Chile,15.54,47.7,55.39,57.74
New York,0,World,83124.55,76690.18,77914.56,81487.26
New York,0,Top 25,75466.76,69902.96,71319.45,74500.95
New York,1,Canada,14912.72,15030.43,15398.43,13804.58
New York,2,Hong Kong,9551.26,7430.74,8858.83,9160.18
New York,3,Switzerland,8315.69,6455.87,5592.81,7747.88
New York,4,United Kingdom,5871.51,5541.81,6759.57,6431.88
New York,5,Israel,5354.66,4895.16,4727.91,4905.77
New York,6,Belgium,4473.39,4343.61,3389.25,3753.96
New York,7,Mexico,3169.99,2978.03,3140.19,3515.78
New York,8,China,3743.24,2772.77,3168.19,3442.1
New York,9,India,2937.09,3508.97,2968.04,3246.08
New York,10,Germany,2169.68,2227.83,2718.48,2962.44
New York,11,France,2026.53,2288.02,2042.15,2577.51
New York,12,Japan,2016.61,1904.83,1883.87,1908.33
New York,13,United Arab Emirates,2011.61,1896.93,1959.99,1814.7
New York,14,Netherlands,1156.16,1171.83,1230.42,1251.73
New York,15,Singapore,1017.92,1192.32,1013.99,1246.26
New York,16,"Korea, South",1426.39,1206.11,1386.02,1184.08
New York,17,Italy,1016.57,907.82,858.37,952.01
New York,18,Turkey,582.74,536.61,778.47,896.47
New York,19,Taiwan,1048.15,637.37,736.44,778.15
New York,20,Brazil,623.51,887.79,687.59,703.94
New York,21,Australia,602.86,701.8,687.43,655.48
New York,22,Thailand,520.82,480.49,458.97,584.25
New York,23,Russia,343.4,311.62,383.18,337.18
New York,24,Dominican Republic,274.08,330.18,236.66,329.91
New York,25,Malaysia,300.18,264.01,254.18,310.31
Ohio,0,World,51261.86,49330.26,50102.78,54292.82
Ohio,0,Top 25,46617.05,44922.65,45422.34,49278.58
Ohio,1,Canada,20314.08,19177.08,18958.53,21026.23
Ohio,2,Mexico,6766.82,6533.17,6490.13,6862.42
Ohio,3,China,3357.63,3752.39,3814.84,3664.18
Ohio,4,United Kingdom,1788.14,1895.91,2104.7,2199.89
Ohio,5,Japan,1361.09,1537,1405.53,1680.16
Ohio,6,Germany,1493.58,1288.34,1338.24,1625.91
Ohio,7,Brazil,1282.58,1412.25,1422.89,1376.43
Ohio,8,France,1920.43,1170.2,1235.55,1184.45
Ohio,9,"Korea, South",1065.03,879.31,1086.74,971.87
Ohio,10,Netherlands,657.53,694.29,697.54,960.25
Ohio,11,Belgium,545.55,634.62,667.48,839.06
Ohio,12,Australia,791.25,686.77,645.57,706.59
Ohio,13,United Arab Emirates,499.81,830.21,608.59,686.45
Ohio,14,Singapore,568.51,464.57,570.87,649.94
Ohio,15,Italy,534.31,487.42,481.48,621.7
Ohio,16,Taiwan,512.44,423.84,446.06,560.45
Ohio,17,India,444.82,406.79,557.22,553.9
Ohio,18,Hong Kong,431.53,480.72,637.65,538.7
Ohio,19,Thailand,426,314.53,469.84,485.45
Ohio,20,Saudi Arabia,331.86,569.17,356.69,425.26
Ohio,21,Argentina,142.52,143.78,182.21,383.92
Ohio,22,Malaysia,298.97,240.9,302.28,378.86
Ohio,23,Switzerland,564.71,419.24,459.7,332.98
Ohio,24,Indonesia,274.2,278.57,245.69,310.41
Ohio,25,Turkey,243.67,201.61,236.28,253.08
Oklahoma,0,World,5250.68,5046.08,5364.37,6102.43
Oklahoma,0,Top 25,4315.41,4257.82,4568.91,5333.46
Oklahoma,1,Canada,1566.93,1399.24,1406.34,1638.96
Oklahoma,2,Mexico,565.71,535.82,526.56,783.31
Oklahoma,3,Germany,279.1,369.03,405.6,611.76
Oklahoma,4,Japan,227.98,229.07,262.51,295.78
Oklahoma,5,Netherlands,161.5,156.99,246.99,246.14
Oklahoma,6,China,165.92,217.68,222.38,203.21
Oklahoma,7,Singapore,227.53,244.74,261.64,188.83
Oklahoma,8,United Kingdom,112.02,161.51,209.75,157.49
Oklahoma,9,Hong Kong,34.5,29.52,109.09,154.66
Oklahoma,10,Australia,121.39,64.14,110.7,96.43
Oklahoma,11,"Korea, South",79.34,70.78,74.03,95.11
Oklahoma,12,France,45.37,68.21,66.66,86.22
Oklahoma,13,Israel,59.52,55.66,60.97,85.35
Oklahoma,14,Vietnam,21.72,59.35,46.8,76.96
Oklahoma,15,Saudi Arabia,104.86,95.39,75.08,71.91
Oklahoma,16,Argentina,59.29,48.26,51.21,64.36
Oklahoma,17,Colombia,60.4,32.48,54.95,63.92
Oklahoma,18,South Africa,10.71,13.92,31.12,59.25
Oklahoma,19,India,82.26,170.11,113.9,56.37
Oklahoma,20,Norway,16.22,16.35,11.15,54.33
Oklahoma,21,Italy,48.37,29.46,34.73,53.66
Oklahoma,22,United Arab Emirates,101.43,52.23,55.13,50.49
Oklahoma,23,Brazil,90.54,67.86,56.49,49.17
Oklahoma,24,Indonesia,33.91,33.99,48.47,47.77
Oklahoma,25,Chile,38.89,36.04,26.63,42.03
Oregon,0,World,20057.33,21771.7,21895.18,22292.68
Oregon,0,Top 25,18435.65,20371.53,20441.02,20896.31
Oregon,1,China,4796.17,5812.31,3933.13,4761.73
Oregon,2,Canada,2564.32,2153.85,2331.65,3209.67
Oregon,3,Japan,1431.56,1584.88,1805.49,2183.82
Oregon,4,"Korea, South",1050.69,1129.91,2031.37,1704.98
Oregon,5,Malaysia,2498.52,2332.54,2301.56,1475.6
Oregon,6,Vietnam,533.46,1880.04,1597.82,1109.36
Oregon,7,Taiwan,838.84,815.61,852.27,851.85
Oregon,8,Singapore,423.41,568.49,465.01,578.33
Oregon,9,Germany,359.35,380.54,497.62,468.61
Oregon,10,Mexico,406.68,308.79,377.44,464.25
Oregon,11,Philippines,264.63,380.3,440.33,453.34
Oregon,12,Australia,436.41,324.43,434.64,390.29
Oregon,13,Switzerland,203.56,248.97,416.69,350.18
Oregon,14,Netherlands,302.66,295.73,360.09,347.37
Oregon,15,Brazil,265.79,133.95,282.07,329.61
Oregon,16,Israel,218.95,319.27,367.89,320.37
Oregon,17,Thailand,189.52,196.22,338.39,313.01
Oregon,18,United Kingdom,376.61,345.12,450.84,301.91
Oregon,19,Hong Kong,414.42,269.49,238.89,261.67
Oregon,20,Indonesia,90.4,200.88,271.29,229.46
Oregon,21,Ireland,285.4,182.5,145.55,211.72
Oregon,22,France,183.66,181.07,187.1,197.23
Oregon,23,India,90.7,123.01,110.59,149.82
Oregon,24,Chile,64.91,90.92,96.68,116.08
Oregon,25,Italy,145.02,112.69,106.59,116.05
Pennsylvania,0,World,39439.36,36453.18,38701.91,41049.63
Pennsylvania,0,Top 25,34426.51,31554.35,33326.97,35896.4
Pennsylvania,1,Canada,11676.63,9987.46,10308.05,10802.23
Pennsylvania,2,Mexico,4179.7,3678.7,4090.11,4215.9
Pennsylvania,3,China,2062.49,2221.79,2562.56,2561.51
Pennsylvania,4,United Kingdom,2342.56,2127.41,1882.33,2143.45
Pennsylvania,5,Japan,1669.28,1469.49,1665.52,2129.83
Pennsylvania,6,Netherlands,1406.92,1357.87,1520.74,1669.23
Pennsylvania,7,Belgium,1289.02,1257.72,1329.6,1534.51
Pennsylvania,8,India,758.8,537.11,707.72,1389.29
Pennsylvania,9,Germany,1576.44,1351.92,1471.73,1374.93
Pennsylvania,10,"Korea, South",916.21,1059.47,1063.44,972.87
Pennsylvania,11,Brazil,981.38,877.39,1127.67,925.26
Pennsylvania,12,France,642.94,700.58,667.21,657.77
Pennsylvania,13,Italy,583.67,533.87,560.28,640.67
Pennsylvania,14,Singapore,469.8,484.16,610.67,600.26
Pennsylvania,15,United Arab Emirates,331.76,361.1,452.78,531.16
Pennsylvania,16,Australia,586.28,685.24,655.88,523.1
Pennsylvania,17,Hong Kong,464.19,470.87,483.08,481.06
Pennsylvania,18,Switzerland,369.43,313.7,376.74,460.42
Pennsylvania,19,Taiwan,386.13,360.66,367.67,407.37
Pennsylvania,20,Spain,239.82,174.09,210.05,371.39
Pennsylvania,21,Saudi Arabia,354.06,358.01,335.36,346.01
Pennsylvania,22,Thailand,185.61,258.12,159.24,326
Pennsylvania,23,Ireland,554.77,459.6,196.9,313.11
Pennsylvania,24,Israel,213.25,231.74,266.32,264.98
Pennsylvania,25,Dominican Republic,185.37,236.26,255.3,254.1
Puerto Rico,0,World,20179.48,19871.94,15876.02,18147.59
Puerto Rico,0,Top 25,19309.29,18859.25,15116.91,17065.57
Puerto Rico,1,Netherlands,3064.15,3000.63,2302.04,2902.98
Puerto Rico,2,Italy,918.73,2461.64,2090.79,2350.39
Puerto Rico,3,Belgium,4451,3879.06,1708.77,1678.94
Puerto Rico,4,Germany,332.16,314.53,596.49,1430.45
Puerto Rico,5,Japan,1372.7,1474.26,1358.98,1274.24
Puerto Rico,6,China,823.31,677.83,739.59,1150.75
Puerto Rico,7,Spain,1335.07,966.21,879.07,947.01
Puerto Rico,8,Canada,729.45,954.95,697.6,870.09
Puerto Rico,9,Dominican Republic,558.69,607.02,555.22,684.51
Puerto Rico,10,United Kingdom,1151.68,407.02,456.17,650.49
Puerto Rico,11,Mexico,419.64,460.34,374.26,494.44
Puerto Rico,12,France,656.86,478.96,528.13,442.81
Puerto Rico,13,Ireland,228.29,348.79,265.46,230.4
Puerto Rico,14,Brazil,191.62,189.33,140.65,227.3
Puerto Rico,15,Singapore,589.1,501.8,179.1,224.43
Puerto Rico,16,Austria,1363.75,1127.93,1226.14,207.36
Puerto Rico,17,"Korea, South",136.7,109.86,80.43,193.28
Puerto Rico,18,Taiwan,152.43,111.06,130.16,179.86
Puerto Rico,19,Turkey,52.59,38.4,86.33,178.66
Puerto Rico,20,Argentina,88.24,122.41,107.74,165.79
Puerto Rico,21,India,114.06,169.2,134.8,148.13
Puerto Rico,22,Barbados,69.83,46.78,57.26,132.95
Puerto Rico,23,Switzerland,251.76,227.72,184.66,125.53
Puerto Rico,24,Hong Kong,104.61,70.44,95.35,88.41
Puerto Rico,25,Australia,152.88,113.09,141.73,86.37
Rhode Island,0,World,2132.71,2278.14,2391.71,2399.76
Rhode Island,0,Top 25,1844.15,2018.01,2136.55,2149.41
Rhode Island,1,Canada,530.57,530.71,493.49,511.85
Rhode Island,2,Dominican Republic,92.79,154.4,230.23,239.86
Rhode Island,3,Mexico,180.61,208.37,220.88,198.9
Rhode Island,4,China,129.63,162.87,166.25,144.21
Rhode Island,5,Turkey,131.94,64.04,124.57,130.57
Rhode Island,6,Germany,108.31,96.11,119.81,123.32
Rhode Island,7,Italy,77.83,85.86,114.37,121.52
Rhode Island,8,Singapore,63.51,85.86,83.79,65.98
Rhode Island,9,Japan,65.69,92.15,68.48,63.53
Rhode Island,10,"Korea, South",29.09,37.17,54.82,63.4
Rhode Island,11,Ireland,92.8,54.82,64.88,60.31
Rhode Island,12,United Kingdom,59.09,72.04,88.5,56.49
Rhode Island,13,Hong Kong,43.91,45.02,47.15,49.41
Rhode Island,14,Egypt,18.9,1.89,15.64,47.36
Rhode Island,15,France,43,39.77,41.26,39.6
Rhode Island,16,Belgium,24.94,21.67,27.95,32.91
Rhode Island,17,Taiwan,39.52,101.11,37.73,31.08
Rhode Island,18,Thailand,18.5,22.99,16.87,28.8
Rhode Island,19,Brazil,9.08,23.27,8.78,25.53
Rhode Island,20,Malaysia,15.87,16.01,16.83,21.66
Rhode Island,21,Costa Rica,17.23,21.12,20.87,21.03
Rhode Island,22,India,12.38,48.92,22.75,19.56
Rhode Island,23,Israel,10.21,11.91,12.38,18.58
Rhode Island,24,Saudi Arabia,8.84,2.43,16.4,17.03
Rhode Island,25,Netherlands,19.89,17.49,21.87,16.9
South Carolina,0,World,31021.19,31323.57,32199.07,34637.03
South Carolina,0,Top 25,26849.62,27595.8,28204.58,31115.82
South Carolina,1,China,4435.61,6433.56,6230.14,5637
South Carolina,2,Canada,3692.7,3479.92,3785.25,3969.76
South Carolina,3,Germany,3940.37,3744.99,3646.75,3769.76
South Carolina,4,Mexico,2501.32,2118.95,2607.78,2762.39
South Carolina,5,United Kingdom,2842.23,2841.71,2287.04,2415.78
South Carolina,6,Singapore,1116.25,559.71,411.52,1865.75
South Carolina,7,Japan,1802.56,1094.28,1660.7,1639.6
South Carolina,8,United Arab Emirates,548.51,532.94,395.25,1182.68
South Carolina,9,Australia,796.04,793.7,775.57,843.62
South Carolina,10,Taiwan,219.74,269.37,283.18,793.87
South Carolina,11,Belgium,669.55,615.72,595.07,762.92
South Carolina,12,"Korea, South",587.45,633.14,1062.78,665.34
South Carolina,13,Brazil,485.21,363.71,346.46,587.47
South Carolina,14,France,423.51,361.11,503.54,497.46
South Carolina,15,Saudi Arabia,524.72,478.4,736.74,482.21
South Carolina,16,India,380.6,349.46,418.71,443.54
South Carolina,17,Spain,92.27,677.22,99.62,438.52
South Carolina,18,Norway,10.95,295.26,335.42,349.51
South Carolina,19,South Africa,129.99,119.16,135.9,345.48
South Carolina,20,Italy,191.42,222.56,266.24,319.4
South Carolina,21,Netherlands,404.84,381.84,302.25,318.84
South Carolina,22,Russia,292.72,266.08,294.99,281.96
South Carolina,23,Chile,213.66,401.41,616.28,280.06
South Carolina,24,Colombia,424.9,435.49,212.63,244.04
South Carolina,25,Malaysia,122.5,126.1,194.77,218.85
South Dakota,0,World,1420.51,1218.05,1359.71,1437.23
South Dakota,0,Top 25,1293.7,1101.76,1280.64,1356.97
South Dakota,1,Canada,526.21,448.59,536.12,585.35
South Dakota,2,Mexico,389.13,308.68,345.32,338.24
South Dakota,3,Japan,56.39,61.08,79.99,66.02
South Dakota,4,Germany,15.47,15.87,27.74,48.08
South Dakota,5,China,34.14,64.76,63.59,47.77
South Dakota,6,Belgium,23.4,20.34,38.38,38.88
South Dakota,7,United Kingdom,9.33,17.88,17.55,35.67
South Dakota,8,Australia,33.95,29.28,33.14,29.05
South Dakota,9,"Korea, South",31.8,28.12,18.4,20.86
South Dakota,10,Saudi Arabia,64.04,6.89,30.47,19.28
South Dakota,11,Israel,13.77,17.39,17.51,16.91
South Dakota,12,Ukraine,7.81,1.81,7.51,16.09
South Dakota,13,Hong Kong,16.35,14.9,6.54,15.08
South Dakota,14,Argentina,5.81,4.64,8.09,10.56
South Dakota,15,United Arab Emirates,14.69,4.09,5.66,8.84
South Dakota,16,Netherlands,7.12,8.04,6.89,8.54
South Dakota,17,New Zealand,7.97,11.93,5.84,7.23
South Dakota,18,Thailand,5.44,6.8,7.08,6.79
South Dakota,19,Italy,3.39,7.53,2.16,6.45
South Dakota,20,Finland,5.79,3.45,6.94,6.35
South Dakota,21,Brazil,6.5,5.51,5.25,5.78
South Dakota,22,India,1.55,1.42,1.73,5.33
South Dakota,23,Fiji,5.15,4.28,1.62,5
South Dakota,24,Philippines,3.12,5.39,3.4,4.47
South Dakota,25,South Africa,5.4,3.09,3.71,4.35
Tennessee,0,World,32616.85,31494.71,33246.13,32703.15
Tennessee,0,Top 25,29197.01,28318.44,29791.31,29039.33
Tennessee,1,Canada,8678.32,8721.36,9021.82,7845.25
Tennessee,2,Mexico,4910.74,4467.39,4697.62,4868.04
Tennessee,3,China,2249.85,2224.18,2501.99,2510.04
Tennessee,4,Japan,1863.63,1718.67,1984.45,1947.47
Tennessee,5,Netherlands,1124.82,1087.82,1272.64,1367.56
Tennessee,6,Singapore,976.2,1073.4,1127.97,1194.55
Tennessee,7,United Kingdom,957.69,954.92,937.48,1129.22
Tennessee,8,Belgium,1276.07,1296.83,1349.77,1079.09
Tennessee,9,Germany,921.53,949.44,1063.1,993.66
Tennessee,10,"Korea, South",797.76,776.71,836.72,748.25
Tennessee,11,Australia,905.66,719.54,705.23,682.13
Tennessee,12,Italy,260.56,295.51,374.81,593.94
Tennessee,13,Hong Kong,323.69,482.56,531.9,564.29
Tennessee,14,Brazil,732.22,501.74,520,456.25
Tennessee,15,France,337.84,410.34,402.14,373.4
Tennessee,16,United Arab Emirates,538.33,383.74,357.18,357.8
Tennessee,17,South Africa,201,159.67,254.4,335.52
Tennessee,18,Chile,439.51,344.12,334.81,296.49
Tennessee,19,India,292.31,300.41,298.67,293.62
Tennessee,20,Vietnam,252.18,242.56,212.95,287.82
Tennessee,21,Colombia,252.74,226.08,231.98,239.29
Tennessee,22,Argentina,174.82,157.82,196.69,236.84
Tennessee,23,Switzerland,270.87,269.54,222.02,221.39
Tennessee,24,Saudi Arabia,198.99,289.12,152.29,210.96
Tennessee,25,Taiwan,259.69,264.97,202.69,206.46
Texas,0,World,248780.41,231310.08,264541.38,315447.76
Texas,0,Top 25,213113.72,198909.64,229746.69,273780.13
Texas,1,Mexico,93100.8,92039.14,97700.7,109748.56
Texas,2,Canada,25508.74,19965.66,22897.69,27442.51
Texas,3,China,11502.32,10765.41,16418.68,16586.87
Texas,4,"Korea, South",8094,6888.15,9723.1,13178.05
Texas,5,Japan,5071.63,6190.25,8862.8,11869.41
Texas,6,Brazil,7221.18,7034.24,10035.14,10342.3
Texas,7,Netherlands,6732.45,6373.48,7026.22,9715.47
Texas,8,United Kingdom,4279.21,3866.25,5662.47,8422.88
Texas,9,Taiwan,3271.4,4298.71,4704.53,7256.22
Texas,10,Singapore,4913.74,4842.87,5838.16,6205.42
Texas,11,India,1756.78,2100.23,3333.09,5116.35
Texas,12,Colombia,5842.84,3833.89,3816.62,4649.03
Texas,13,Chile,3010.18,2717.58,2989.95,4636.74
Texas,14,Germany,3290.3,3413.27,3998.94,4181.36
Texas,15,Italy,1609.32,1387,2076.71,4075.55
Texas,16,Belgium,4592.23,3657.15,3637.07,3913.25
Texas,17,Venezuela,3945.08,2245.39,2045.05,3772.05
Texas,18,Peru,2360.25,2242.1,2863.71,3447.31
Texas,19,France,2598.81,2462.63,3179.53,3375.05
Texas,20,United Arab Emirates,2412.4,2071.81,2113.4,3171.2
Texas,21,Argentina,2679.32,2274.58,2389.95,2696.19
Texas,22,Ecuador,2712.09,1767.85,2036.61,2631.5
Texas,23,Hong Kong,2075.01,2371.01,2505.3,2504.96
Texas,24,Thailand,1199.15,1316.27,1744.81,2450.3
Texas,25,Saudi Arabia,3334.49,2784.71,2146.46,2391.61
Utah,0,World,13307.64,12077.65,11583.3,14373.26
Utah,0,Top 25,12480.64,11302.7,10837.76,13592.23
Utah,1,United Kingdom,3036.57,3074.04,2318.54,5095.96
Utah,2,Canada,1491.92,1322.73,1212.5,1784.36
Utah,3,Japan,547.66,504.04,611.33,805.59
Utah,4,Hong Kong,1947.34,1506.78,1618.07,738.03
Utah,5,Mexico,853.94,740.92,674.64,725.49
Utah,6,Taiwan,710.23,610.11,635.96,711.81
Utah,7,China,841.02,648.26,737.02,576.8
Utah,8,Netherlands,364.85,448.56,407.04,445.57
Utah,9,Germany,266.47,343.25,394.01,404.98
Utah,10,"Korea, South",376.79,318.32,346.96,402.02
Utah,11,Australia,190.52,189.49,250.54,273.64
Utah,12,India,201.75,101.46,58.71,224.25
Utah,13,France,129.75,171.96,180.85,215.37
Utah,14,Singapore,358.73,291.17,396.14,180.99
Utah,15,Switzerland,219.06,209.03,98.46,164.96
Utah,16,Italy,167.37,173.41,193.99,162.29
Utah,17,Belgium,127.53,87.62,98.03,127.52
Utah,18,Brazil,92.76,103.22,156.69,103.63
Utah,19,Spain,44.8,63.17,79.93,93.34
Utah,20,Malaysia,98.13,75.92,91.3,82.29
Utah,21,Israel,40.63,49.39,57.08,63.48
Utah,22,Philippines,112.56,47.76,49.26,63.23
Utah,23,Thailand,147.61,129.66,63.33,57.68
Utah,24,Austria,46.49,58.46,48.19,45.47
Utah,25,Chile,66.17,33.97,59.17,43.49
Virginia,0,World,17801.08,16310.98,16508.63,18357.71
Virginia,0,Top 25,14065.52,12691.47,13121.82,14520.09
Virginia,1,Canada,3422.41,2905.93,2973.05,3163.94
Virginia,2,China,1569.31,1625.76,1719.75,1217.43
Virginia,3,Mexico,1231.24,1089.53,1051.86,1109.97
Virginia,4,United Kingdom,1040.17,894.82,919.54,1054.67
Virginia,5,Germany,843.72,819.24,817.69,1053.36
Virginia,6,Netherlands,555.55,534.67,435.54,685.48
Virginia,7,Belgium,555,568.92,573.28,581.38
Virginia,8,Singapore,349.77,297.24,410.61,576.81
Virginia,9,Japan,444.74,444.02,441.09,505.68
Virginia,10,"Korea, South",432.77,370.6,370,445.4
Virginia,11,Taiwan,569.31,523.63,499.44,433.28
Virginia,12,Brazil,521.53,309.43,304.15,425.07
Virginia,13,India,237.2,261.21,269.58,403.82
Virginia,14,Italy,282.23,204.14,195.05,321.53
Virginia,15,Australia,259.79,222.85,245.22,304.17
Virginia,16,France,281.08,223.68,259.12,274.66
Virginia,17,Thailand,127.49,174.35,106.08,253.75
Virginia,18,Switzerland,234.9,242.34,263.1,242.01
Virginia,19,Croatia,52.49,80.45,218.88,222.62
Virginia,20,Saudi Arabia,364.27,287.05,203.27,221.51
Virginia,21,Turkey,168.48,90.78,204.31,217.43
Virginia,22,Hong Kong,183.66,239.65,233.32,214.15
Virginia,23,Indonesia,229.23,170.55,154.9,210.26
Virginia,24,Vietnam,109.19,109.24,119.16,192.03
Virginia,25,French Guiana,0,1.41,133.82,189.72
Virgin Islands,0,World,149.3,296.47,960.94,705.71
Virgin Islands,0,Top 25,145.71,249.6,753.76,696.42
Virgin Islands,1,Martinique,18.25,39.42,113.33,108.32
Virgin Islands,2,Mexico,1.91,51.6,110.49,73.64
Virgin Islands,3,Guadeloupe,14.97,39.65,148.1,70.56
Virgin Islands,4,British Virgin Islands,2.09,1.65,38.46,66.02
Virgin Islands,5,Argentina,0,0,18.08,57.77
Virgin Islands,6,Brazil,2.3,23.33,38.33,57.15
Virgin Islands,7,Dominican Republic,2.84,9.85,51.96,51.21
Virgin Islands,8,Panama,19.39,0,13.89,34.9
Virgin Islands,9,Canada,0.21,0.09,5.78,31.26
Virgin Islands,10,Barbados,0.03,0,23.29,25.72
Virgin Islands,11,Antigua and Barbuda,8.51,4.69,38.4,19.77
Virgin Islands,12,Bermuda,0,0.36,12.78,17.73
Virgin Islands,13,Colombia,0.38,10.24,7.28,11.5
Virgin Islands,14,Netherlands,3.8,21.33,30.71,11.46
Virgin Islands,15,Curacao,13.15,7.5,11.52,11.08
Virgin Islands,16,Sint Maarten,48.93,20.31,36.43,9.89
Virgin Islands,17,Cayman Islands,1.25,7.15,3.32,7.35
Virgin Islands,18,St Kitts and Nevis,1.39,5.86,9.79,6.52
Virgin Islands,19,Jamaica,1.04,0,5.29,6.35
Virgin Islands,20,France,0.5,0.26,7.13,4.11
Virgin Islands,21,Anguilla,0.4,0.19,6.47,3.98
Virgin Islands,22,Bahamas,0,4.95,9.54,3.13
Virgin Islands,23,French Guiana,0,0,0.95,2.6
Virgin Islands,24,Hong Kong,1.04,1.13,6.66,2.45
Virgin Islands,25,Spain,3.35,0.04,5.76,1.94
Vermont,0,World,3176.35,2993.02,2775.99,2919.61
Vermont,0,Top 25,3064.26,2897.35,2683.29,2809.04
Vermont,1,Canada,1172.14,1188.28,1071.29,1268.89
Vermont,2,Hong Kong,301.54,352.38,259.94,262.01
Vermont,3,Taiwan,109.52,95.77,132,194.57
Vermont,4,"Korea, South",133.66,153.28,174.14,185.96
Vermont,5,China,220.04,176.26,201.9,168.12
Vermont,6,Malaysia,231.72,192.57,173.23,154.52
Vermont,7,United Kingdom,86.3,72.99,79.54,87.63
Vermont,8,Germany,60.44,71.49,70.2,77.06
Vermont,9,Netherlands,107.75,114.2,84.88,65.81
Vermont,10,France,51.61,40.54,66.54,52.16
Vermont,11,Mexico,212.9,127.88,83.14,45.56
Vermont,12,Thailand,62.02,52.25,44.54,39.41
Vermont,13,Japan,81.27,56.82,66.5,37.22
Vermont,14,Singapore,86.07,47.65,27.39,25.31
Vermont,15,Belgium,18.25,20.58,19.96,21.95
Vermont,16,Ireland,14.99,13.74,14.71,18.14
Vermont,17,Australia,15.19,14.67,14.17,16.87
Vermont,18,Israel,19.65,12.36,12.83,14.64
Vermont,19,India,13.38,9.72,12.77,12.83
Vermont,20,Dominican Republic,3.21,3.87,11.24,12.44
Vermont,21,Luxembourg,6.84,8.39,7.9,10.94
Vermont,22,Italy,22.6,15.8,20.92,9.79
Vermont,23,United Arab Emirates,8.55,35.43,11.02,9.49
Vermont,24,Spain,9.16,8.67,12.24,9.29
Vermont,25,Switzerland,15.47,11.77,10.27,8.44
Washington,0,World,86374.68,79553.46,76413.74,77700.21
Washington,0,Top 25,68601.22,63750.08,61609.09,66299.84
Washington,1,China,19483.18,16122.65,17967.08,16001.4
Washington,2,Canada,8018.14,7036.55,7711.62,9064.94
Washington,3,Japan,5999.04,7126.02,5415.28,6089.39
Washington,4,"Korea, South",4287.81,4155.1,3286.06,4582.31
Washington,5,United Kingdom,2540.1,3565.49,1774.99,4044.52
Washington,6,Taiwan,2757.55,3102.7,2580.11,2297.83
Washington,7,Mexico,1872.93,1993.24,2034.32,2139.86
Washington,8,United Arab Emirates,3211.2,4157.61,4104.75,2081.08
Washington,9,India,1150.56,805.11,980.67,1839.24
Washington,10,Ireland,929.34,1941.72,1790.72,1819.67
Washington,11,Australia,1347.83,652.86,1402.69,1567.95
Washington,12,Qatar,1809.01,1781.96,1304.35,1548.75
Washington,13,Russia,1597.43,1028.01,1846.43,1444.68
Washington,14,Netherlands,1679.03,2172.62,1630.87,1441.88
Washington,15,Philippines,1081.39,1423.12,1430.88,1430.66
Washington,16,Turkey,1921.6,2168.12,834,1034.51
Washington,17,Ethiopia,1225.45,277.28,549.44,985.6
Washington,18,Israel,146.34,220.45,434.76,962.31
Washington,19,Bahrain,12.53,17.71,11.26,902.82
Washington,20,Vietnam,1079.57,611.97,448.49,901.54
Washington,21,Singapore,2520.47,857.46,1309.55,887.15
Washington,22,France,1389.8,1488.95,1155.84,827.99
Washington,23,Germany,1850.91,737.06,795.87,823.89
Washington,24,Oman,650.88,246.08,342.16,817.18
Washington,25,Poland,39.14,60.25,466.91,762.71
Wisconsin,0,World,22441.97,21032.74,22306.12,22709.32
Wisconsin,0,Top 25,19832.5,18477.62,19835.15,20086.1
Wisconsin,1,Canada,7314.55,6604.42,6910.54,7026.88
Wisconsin,2,Mexico,2969.71,3056.3,3196.14,3452.91
Wisconsin,3,China,1544.33,1427.17,1732.11,1633.4
Wisconsin,4,Germany,701.48,625.13,692.29,814
Wisconsin,5,United Kingdom,825.45,814.28,736.6,792.22
Wisconsin,6,Japan,815.61,861.2,788.52,734.27
Wisconsin,7,"Korea, South",505.94,478.4,516.5,591.4
Wisconsin,8,Australia,585.11,558.66,558.9,572.81
Wisconsin,9,France,457.27,437.27,454.95,497.96
Wisconsin,10,Netherlands,393.22,404.44,407.61,448.53
Wisconsin,11,Belgium,431.29,384.27,362.79,397.82
Wisconsin,12,Brazil,402.62,236.1,284.18,392.8
Wisconsin,13,Italy,311.88,242.13,265.03,319.08
Wisconsin,14,Hong Kong,236.92,230.1,318.41,290.8
Wisconsin,15,India,215.16,248.24,287.36,280.25
Wisconsin,16,Thailand,214.42,213.25,193.91,267.22
Wisconsin,17,Singapore,221.2,201.16,205.48,221.13
Wisconsin,18,United Arab Emirates,178,221.83,190.34,199.5
Wisconsin,19,Taiwan,184.05,185.32,165.83,196.29
Wisconsin,20,Chile,283.68,160.12,215.91,187.44
Wisconsin,21,Saudi Arabia,597.48,465.26,796.67,186.12
Wisconsin,22,Malaysia,114.11,113.67,124.65,156.37
Wisconsin,23,Poland,97.42,83.54,191.79,148.37
Wisconsin,24,South Africa,132.36,107.18,131.34,145.34
Wisconsin,25,Spain,99.24,118.16,107.31,133.18
West Virginia,0,World,5832.74,5045.35,7110.48,8124.17
West Virginia,0,Top 25,5361.59,4719.38,6644.6,7640.43
West Virginia,1,Canada,1754.61,1536.91,1518.52,1294.15
West Virginia,2,India,223.05,220.49,712.77,1046.72
West Virginia,3,Netherlands,401.23,252.68,389.31,663.95
West Virginia,4,Ukraine,221.08,119.86,461.42,648.84
West Virginia,5,Brazil,308.29,264.41,369.54,489.42
West Virginia,6,China,456.31,465.49,535.35,484.03
West Virginia,7,Belgium,226.73,288.31,247.75,327.04
West Virginia,8,Japan,324.87,244.88,236.4,285.47
West Virginia,9,"Korea, South",191.21,250.44,313.23,273.44
West Virginia,10,Germany,190.15,166.4,193.4,227.86
West Virginia,11,Mexico,184.37,179.46,238.37,225.7
West Virginia,12,France,112.4,97.67,237.09,223.2
West Virginia,13,Italy,176.85,127.92,251.76,212.76
West Virginia,14,United Kingdom,212.09,102.93,192.07,207.68
West Virginia,15,Turkey,64.33,88.07,158.53,188.55
West Virginia,16,Morocco,9.26,45.27,108.16,178.35
West Virginia,17,Egypt,26.27,2.88,52.99,109.04
West Virginia,18,Spain,45.03,51.73,120.84,95.51
West Virginia,19,Poland,20.54,9.52,17.9,81.32
West Virginia,20,Argentina,31.59,22.95,56.8,71.99
West Virginia,21,Hong Kong,64.08,67.04,63.08,71.41
West Virginia,22,Singapore,45.36,46.92,73.25,65.72
West Virginia,23,Croatia,26.41,21.89,35.41,64.56
West Virginia,24,Taiwan,34.05,29.59,30.06,54.94
West Virginia,25,Finland,11.42,15.67,30.6,48.78
Wyoming,0,World,1174.99,1098.65,1196.39,1356.05
Wyoming,0,Top 25,1026.87,977.75,1109.23,1273
Wyoming,1,Canada,191.97,186.73,204.34,233.82
Wyoming,2,Brazil,194.78,189.27,142.3,144.11
Wyoming,3,Indonesia,81.24,79.29,108.04,126.55
Wyoming,4,Chile,46.08,38.63,60.38,78.46
Wyoming,5,Malaysia,5.67,16.2,58.9,74.04
Wyoming,6,"Korea, South",37.4,37.55,45.61,65.31
Wyoming,7,Japan,63.58,52.61,69.25,62.46
Wyoming,8,Vietnam,15.78,32.18,46.09,56.67
Wyoming,9,China,12.23,31.49,36.66,52.95
Wyoming,10,Thailand,24.59,30.91,43.64,52.31
Wyoming,11,Australia,52.91,33.22,54.59,48.4
Wyoming,12,Taiwan,40.01,22.18,29.32,44.46
Wyoming,13,Mexico,29.58,35.23,23.72,35.48
Wyoming,14,Colombia,24.2,14.66,13.71,33.39
Wyoming,15,India,6.55,12.91,17.1,21.6
Wyoming,16,Peru,16.34,7.59,13.13,21.18
Wyoming,17,Argentina,18.57,26.27,38.03,19.06
Wyoming,18,United Kingdom,52.54,45.58,26.75,18.5
Wyoming,19,South Africa,16.52,15.45,12.67,16.22
Wyoming,20,Philippines,11.28,7.15,7.57,12.28
Wyoming,21,United Arab Emirates,22.93,12.14,10.43,12.27
Wyoming,22,Guatemala,6.18,4.95,9.13,11.55
Wyoming,23,Tunisia,25.21,11.89,20.68,11.46
Wyoming,24,Belgium,15.84,11.28,9.71,10.3
Wyoming,25,Germany,14.88,22.39,7.52,10.14
Unidentified,0,World,46775.47,45780.37,48616.82,56380.17
Unidentified,0,Top 25,40039.64,39507.71,41873.36,48923.37
Unidentified,1,Canada,20755.99,21094.05,22346.38,27613.17
Unidentified,2,Mexico,6726.99,6462.26,6779.38,7405.74
Unidentified,3,United Kingdom,1471.77,1419.33,1457.56,1656.79
Unidentified,4,Germany,1115.4,1110.45,1176.85,1270.98
Unidentified,5,Australia,964.01,853.69,948.03,988.37
Unidentified,6,France,734.98,721.05,779.48,862.3
Unidentified,7,Japan,644.13,644.55,702.48,795.6
Unidentified,8,Singapore,614.28,606.09,685.37,738.21
Unidentified,9,China,677.62,690.14,762.49,679.91
Unidentified,10,Netherlands,533.85,517.12,540.74,648.89
Unidentified,11,Brazil,449.81,430.76,537.84,572.62
Unidentified,12,Chile,465.25,400.21,451.77,540.51
Unidentified,13,Hong Kong,557.8,545.49,591.81,527.03
Unidentified,14,"Korea, South",387.45,369.2,434.77,519
Unidentified,15,India,321.23,313.23,381.82,504.26
Unidentified,16,Italy,364.08,364.49,396.3,498.03
Unidentified,17,Switzerland,499.06,468.37,467.09,472.39
Unidentified,18,Belgium,461.46,421.48,393.13,410.38
Unidentified,19,Taiwan,285.51,288.68,286.23,342.28
Unidentified,20,Gibraltar,514.86,463.67,293.75,338.05
Unidentified,21,United Arab Emirates,404.71,357.42,387.92,334
Unidentified,22,Bahamas,242.14,229.99,308.02,317.65
Unidentified,23,Colombia,337.49,263.76,267.2,309.05
Unidentified,24,Spain,240.31,223.03,238.18,289.79
Unidentified,25,Honduras,269.44,249.2,258.77,288.35